5.75365E+17,10-03-2015,http://t.co/SSAJ5XYHUM Nokia Lumia 1020 - 64 GB -  41MP Camera - Broken LCD  Ship worldwide #mobilephones #techno‚Ä¶ http://t.co/WQmr8WkFUE,Nokia
,,,
5.75365E+17,10-03-2015,Microsoft Lumia 435 Available With Exchange Offer for Nokia Asha Users http://t.co/zrKGvzLfUo,Nokia
,,,
5.75365E+17,10-03-2015,Unlocked Nokia Lumia 635 for $99 ! http://t.co/rxdZQCvg9V via @MicrosoftStore,Nokia
,,,
5.75365E+17,10-03-2015,Factory Unlocked - Nokia Lumia 928 - 32GB - Black (Verizon) Smartphone http://t.co/A8EAIfBepg http://t.co/Zgzc6xva81,Nokia
,,,
5.75365E+17,10-03-2015,genuine italian leather Case for  Nokia Lumia 1020  book wallet cover handmade slim flip with credit slot one luxur‚Ä¶ http://t.co/LJIlSkzUP3,Nokia
,,,
5.75365E+17,10-03-2015,RT @Nokia_Agent: Microsoft India announces exchange offer for Nokia Asha customers to upgrade to Lumia 435 http://t.co/092nZtKD6H #nokia,Nokia
,,,
5.75365E+17,10-03-2015,RT @WhispersNewsLTD: 36-Year-Old Frantically Looking For Old Nokia Phone Containing Dealer's Number http://t.co/vDgt9SoRSh #Ireland #drugs ‚Ä¶,Nokia
,,,
5.75365E+17,10-03-2015,"""36-Year-Old Frantically Looking For Old Nokia Phone Containing Dealer‚Äôs Number http://t.co/3N0QPnqRgn"" üòÇüòÇ",Nokia
,,,
5.75365E+17,10-03-2015,RT @ibird___: a cracked iPhone is equivalent to a Nokia flipüò©,Nokia
,,,
5.75366E+17,10-03-2015,Apple Watch developers Nokia N1 tablet Galaxy strategy  more  Pocketnow Daily  Pocketnow http://t.co/DNejDoVXJi http://t.co/sOuj71D9R1,Nokia
,,,
5.75366E+17,10-03-2015,Nokia Networks scores LTE deal with IWireless #nokia http://t.co/nKRddniA4M,Nokia
,,,
5.75366E+17,10-03-2015,"Nokia Lumia 640 camera compared to the Lumia 930, 1020, Sony Xperia Z3 and Canon sx50hs #nokia http://t.co/DKZUAKHBkH",Nokia
,,,
5.75366E+17,10-03-2015,Nokia Taps Wired for Seven-Figure Content-Marketing Campaign #nokia http://t.co/11eNdzGLTh,Nokia
,,,
5.75366E+17,10-03-2015,Microsoft Lumia 435 Available With Exchange Offer for Nokia Asha Users - NDTV http://t.co/Xxz5xT25t5 #nokia,Nokia
,,,
5.75366E+17,10-03-2015,Nokia To Test Whether It's Possible To Buy Relevance - Forbes http://t.co/HzLvzhYypB #nokia,Nokia
,,,
5.75366E+17,10-03-2015,Nokia n97 wisp - impute all and sundry unsophisticated per sensible singular way: ouGsau,Nokia
,,,
5.75366E+17,10-03-2015,‚Äú@WhispersNewsLTD: 36-Year-Old Frantically Looking For Old Nokia Phone Containing Dealer's Number http://t.co/fGNVVLfDTL @OMearaKenneth,Nokia
,,,
5.75366E+17,10-03-2015,"@BlackBerry @globeandmail  loving my blackberry passport, ex galaxy s5 and Nokia 1020 user",Nokia
,,,
5.75366E+17,10-03-2015,"Per indictment, buyer in alleged criminal enterprise said he wanted a few Nokia phones, ‚Äúthe ones that are not touch, for the elderly.‚Äù",Nokia
,,,
5.75366E+17,10-03-2015,Phones Offers &gt;&gt; http://t.co/CBMMUMmfJB #034 Nokia 822 Lumia Verizon Wireless Windows 16GB 4G LTE WiFi White Smar‚Ä¶ http://t.co/gQpT2dL342,Nokia
,,,
5.75366E+17,10-03-2015,@Daily_Record did they use a Nokia Nokia 6151? #StockPhoto #Retro,Nokia
,,,
5.75366E+17,10-03-2015,"HOT DEALS : http://t.co/8JYYJUbTIP Frosted Matted Utra Thin Flexible Soft TPU Gel Case Cover For Nokia Lumia 435
‚Ä¶ http://t.co/GlPUWYTSmv",Nokia
,,,
5.75367E+17,10-03-2015,But Nokia is dah guna USB type c last year. But USB 2.0. Apple uses USB 3.1,Nokia
,,,
5.75367E+17,10-03-2015,36-Year-Old Frantically Looking For Old Nokia Phone Containing Dealer‚Äôs Number  legal high http://t.co/TkZ6n1TSWE,Nokia
,,,
5.75367E+17,10-03-2015,Deals #2400 : http://t.co/CgT0XASLPr Frosted Matted Utra Thin Flexible Soft TPU Gel Case Cover For Nokia Lumia 435 http://t.co/PkhHucHvwJ,Nokia
,,,
5.75367E+17,10-03-2015,"http://t.co/6qzFbWqKJ9

Nokia Lumia 625 (Black).
¬†India Popular Gadget¬†: Check Offer Price

#coupon http://t.co/svOqRtsufP",Nokia
,,,
5.75367E+17,10-03-2015,Nokia 1100 running Android 5.0 spotted http://t.co/z9F6Zs8b5C,Nokia
,,,
5.75367E+17,10-03-2015,Nokia Lumia 1520 Leather Sleeve | PAPAYA | http://t.co/7NzPc646MO | #Lumia1520Cover #Lumia1520Sleeve #Lumia1520Leather #NokiaLumia1520,Nokia
,,,
5.75367E+17,10-03-2015,RT @WhispersNewsLTD: 36-Year-Old Frantically Looking For Old Nokia Phone Containing Dealer's Number http://t.co/vDgt9SoRSh #Ireland #drugs ‚Ä¶,Nokia
,,,
5.75367E+17,10-03-2015,"HOT DEALS : http://t.co/BXfmWvwvnE Nokia 822 Lumia Verizon Windows 8 WiFi 4G LTE Red Black and White Smartphone

‚Ä¶ http://t.co/35J9885tD3",Nokia
,,,
5.75367E+17,10-03-2015,RT @LloydKlein: #LloydKlein arrives @ The #Peopleschoiceawards_2015 at the Nokia Theater L A Live Los Angeles @HuffingtonPost http://t.co/P‚Ä¶,Nokia
,,,
5.75367E+17,10-03-2015,RT @thunderspud: #NationalYokesDay http://t.co/64VAa1VOjc 36-Year-Old Frantically Looking For Old Nokia Phone Containing Dealer‚Äôs Number,Nokia
,,,
5.75367E+17,10-03-2015,Best Deals TODAY : http://t.co/bxyQXqT4K0 #950 Unlocked Nokia 822 Lumia Verizon Wireless WiFi Windows 4G LTE Smar‚Ä¶ http://t.co/yL6tx3Ifdg,Nokia
,,,
5.75367E+17,10-03-2015,"WIRED &amp; Nokia Launch maketechhuman -- NEW YORK, March 10, 2015 /PRNewswire/ -- http://t.co/Mn29PxJ7Uf",Nokia
,,,
5.75367E+17,10-03-2015,Nokia Lumia 930 Merino Felt Sleeve |¬†ACID | http://t.co/uOZiRmNFKe | #NokiaLumia930 #Lumia930Sleeve #Lumia930Case #Lumia930Portel #Lumia930,Nokia
,,,
5.75367E+17,10-03-2015,TODAY DEALS #933 &gt;&gt; http://t.co/IAm5qfek0H Nokia 822 Lumia Verizon Windows 8 WiFi 4G LTE Red Black and White Smar‚Ä¶ http://t.co/UcWUalDhtD,Nokia
,,,
5.75367E+17,10-03-2015,Nokia Lumia 930 Merino Felt Sleeve | ACID | http://t.co/Hpt2XGnzXQ | #NokiaLumia930 #Lumia930Sleeve #Lumia930Case #Lumia930Portel #Lumia930,Nokia
,,,
5.75367E+17,10-03-2015,Nokia Lumia 930|Lumia 830 Leather Sleeve | TURNVATER |http://t.co/VOcNl5Zw5K | #Lumia930 #Lumia930Sleeve #Lumia930Cover #MicrosoftLumia,Nokia
,,,
5.75367E+17,10-03-2015,@RoninYorch bitch please. Nokia 8210 FTW http://t.co/VMmYwgiR2B,Nokia
,,,
5.75367E+17,10-03-2015,But Nokia n1 dah guna USB type c last year. But USB 2.0. Apple uses USB 3.1,Nokia
,,,
5.75368E+17,10-03-2015,"Mobiles : http://t.co/FNafDdrtcz #4092 For Nokia Lumia 630 635 Magnetic Wallet Closing Hard Flip Case Cover

$5.9‚Ä¶ http://t.co/Qe2Eqj5yj9",Nokia
,,,
5.75368E+17,10-03-2015,36-Year-Old Frantically Looking For Old Nokia Phone Containing Dealer‚Äôs Number http://t.co/tKg1mQK28K,Nokia
,,,
5.75368E+17,10-03-2015,T-Mobile Nokia Lumia 635 Windows Phone 8.1 LTE Smartphone Brand New ( Sealed ) $79.99/$79.99 with 4d 22h left http://t.co/PyojsmF2gr,Nokia
,,,
5.75368E+17,10-03-2015,Infinity-Box Nokia [BEST] v2.04 - Nokia Android Repair and Lumia Stuff http://t.co/6JEnpMZ1ib via @GSMHostingBR,Nokia
,,,
5.75368E+17,10-03-2015,"Personal story of Enterprise Agile experiences from Nokia http://t.co/nFd4ICjPii
#agile",Nokia
,,,
5.75368E+17,10-03-2015,Apple Watch developers Nokia N1 tablet Galaxy strategy  more  Pocketnow Daily  Pocketnow http://t.co/DNejDoVXJi http://t.co/fLXWbI08gf,Nokia
,,,
5.75368E+17,10-03-2015,#CellPhone #Phone #MeganFox Personalised leather phone #Case skins for Nokia Lumia Phone: $18.10‚Ä¶ http://t.co/RgGTzA6Dlh #Onsale #ForSale,Nokia
,,,
5.75368E+17,10-03-2015,"RT @henkkahamalaine: Personal story of Enterprise Agile experiences from Nokia http://t.co/nFd4ICjPii
#agile",Nokia
,,,
5.75369E+17,10-03-2015,#Microsoft #Lumia 435 Available With Exchange Offer for Nokia Asha Users: NDTV: #Microsoft India on Saturday a... http://t.co/Aa8oYnocsg,Nokia
,,,
5.75369E+17,10-03-2015,Nokia 1800 Mobile phones x2 Spares &amp; Repair. Mob006 http://t.co/UHCw04HkJb: #SmartPhones http://t.co/GNxg5ngAU6,Nokia
,,,
5.75369E+17,10-03-2015,RT @HorrificGifs: Try microwaving a Nokia http://t.co/yzynII8Fgl,Nokia
,,,
5.75369E+17,10-03-2015,"RT @Bizrusonline: üéàTweet/DM us your reference num on any item from our Nokia 130 [¬£21.99] and aboveüéÅ, to enter our #MothersDayüíê comp for a ‚Ä¶",Nokia
,,,
5.75369E+17,10-03-2015,"""@HorrificGifs: Try microwaving a Nokia http://t.co/zJX7NzPVak"" *Satan",Nokia
,,,
5.75369E+17,10-03-2015,Lol. Sorry  RT @Maon_ISSUE: last time I logged into my Nokia mail account :'(,Nokia
,,,
5.75369E+17,10-03-2015,Cell Phones : Nokia 822 Lumia Verizon Wireless Windows 16GB WiFi 4G LTE Black Smartphone http://t.co/SO8PwJyzYb #‚Ä¶ http://t.co/rtUUVtPUn9,Nokia
,,,
5.75369E+17,10-03-2015,I'm still logged in :-D RT @Maon_ISSUE: last time I logged into my Nokia mail account :'(,Nokia
,,,
5.7537E+17,10-03-2015,"RT @MrAlshahawy: This is it, the last day before the discontinuation of #Nokia #Mail emails service and Nokia chat, make sure to... http://‚Ä¶",Nokia
,,,
5.7537E+17,10-03-2015,MPERO Collection 5 Pack of Clear Invisible Screen Protectors for Nokia Lumia http://t.co/Bigw9qogL7 http://t.co/s4hmfx8H6S,Nokia
,,,
5.7537E+17,10-03-2015,Deals Today #82 : http://t.co/z1v6bendVw Nokia 822 Lumia Verizon Wireless Windows 16GB WiFi 4G LTE Black Smartphone http://t.co/sIjywUL2DN,Nokia
,,,
5.7537E+17,10-03-2015,üò¢üò¢üò¢ RT @ThatAydude: Nokia mail just closed down so my old E-mail won't go anymore. My new E-mail is davidsubair1@gmail.com,Nokia
,,,
5.7537E+17,10-03-2015,"Reaaallly need a new phone now, feels like this is every year, spending so much on phones. Bring back the Nokia 3210!",Nokia
,,,
5.7537E+17,10-03-2015,Flip phone Nokia,Nokia
,,,
5.7537E+17,10-03-2015,"By law, people under 21 should only be allowed to have those old Nokia type phones. Ones with no cameras or texting capabilities.",Nokia
,,,
5.7537E+17,10-03-2015,RT @Victoriana_NG: After much derision about 'age of' from Serena &amp; girls I have upgraded my 6 yr old Nokia to an I phone... http://t.co/Nb‚Ä¶,Nokia
,,,
5.7537E+17,10-03-2015,Cell Phone Shop : http://t.co/cWiOTJ20cM #629 Nokia 822 Lumia Verizon Wireless Windows 16GB WiFi 4G LTE Black Sma‚Ä¶ http://t.co/a9euBzlEZe,Nokia
,,,
5.7537E+17,10-03-2015,The Indian Express: Microsoft launches Lumia 435 exchange offer for Nokia Asha users. http://t.co/tfTNfO7jcd,Nokia
,,,
5.7537E+17,10-03-2015,dick look like a Nokia N-Gage,Nokia
,,,
5.7537E+17,10-03-2015,RT @Hyrokii_ebooks: dick look like a Nokia N-Gage,Nokia
,,,
5.7537E+17,10-03-2015,Nokia Lumia 920 32GB AT&amp;T Unlocked GSM 4G LTE Smartphone ‚Äì¬†White http://t.co/XnxAQ4vFPS,Nokia
,,,
5.7537E+17,10-03-2015,"Mid-Day Movers - Advanced Micro Devices (AMD), Pazoo (PZOO), Nokia (NOK), Softbank (SFTBY): Birmingham, West M... http://t.co/Bh0RionKrp",Nokia
,,,
5.75371E+17,10-03-2015,Nokia Lumia 920 (AT&amp;T 4G) WiFi Windows 8.1 Smartphone 32GB CLEAN ESN http://t.co/VMnQlKqPZE #Nokia Lumia #nokia,Nokia
,,,
5.75371E+17,10-03-2015,Nokia Lumia 930 Leather Sleeve | GT40 | http://t.co/bIpOSBMS6H | #NokiaLumia930 #Lumia930Sleeve #Lumia930Case #Lumia930Portel #Lumia930,Nokia
,,,
5.75371E+17,10-03-2015,#cellular #deals http://t.co/4QjApk83MT Nokia Lumia 1520 - 16GB Quad Core (AT&amp;T) Windows 8 Smartphone - Choice of‚Ä¶ http://t.co/vxJCPuFj7g,Nokia
,,,
5.75371E+17,10-03-2015,Nokia Lumia 1520 Leather Sleeve | PAPAYA | http://t.co/7NzPc646MO | #Lumia1520Cover #Lumia1520Sleeve #Lumia1520Leather #NokiaLumia1520,Nokia
,,,
5.75371E+17,10-03-2015,Nokia Lumia 930 Leather Sleeve/Case RINGO |¬†http://t.co/Y70eIexonS | #NokiaLumia930 #Lumia930Sleeve #Lumia930Case #Lumia930Portel #Lumia930,Nokia
,,,
5.75371E+17,10-03-2015,Nokia Lumia 930 Leather Sleeve | KIWI | http://t.co/91zFbfpyeW | #NokiaLumia930 #Lumia930Sleeve #Lumia930Case #Lumia930Portel #Lumia930,Nokia
,,,
5.75371E+17,10-03-2015,Nokia Lumia 930 Leather Sleeve |¬†KIWI | http://t.co/TRNFkJ5ncA | #NokiaLumia930 #Lumia930Sleeve #Lumia930Case #Lumia930Portel #Lumia930,Nokia
,,,
5.75371E+17,10-03-2015,Nokia Lumia 930 Leather Sleeve SKY &amp; SAND | http://t.co/4fkn5NeJ10 | #NokiaLumia930 #Lumia930Sleeve #Lumia930Case #Lumia930Portel #Lumia930,Nokia
,,,
5.75371E+17,10-03-2015,Nokia Lumia 930 Leather Sleeve SKY &amp; SAND | http://t.co/MU91rrIrwi | #NokiaLumia930 #Lumia930Sleeve #Lumia930Case #Lumia930Portel #Lumia930,Nokia
,,,
5.75371E+17,10-03-2015,Nokia Lumia 930 Leather Sleeve | BLUE LAKE | http://t.co/xiv4NKEpgR | #NokiaLumia930 #Lumia930Sleeve #Lumia930Case #Lumia930Portel #Lumia930,Nokia
,,,
5.75371E+17,10-03-2015,Nokia Lumia 930 Leather Sleeve | CONCRETE |¬†http://t.co/uXPxYzQrSK | #NokiaLumia930 #Lumia930Sleeve #Lumia930Case #Lumia930Portel #Lumia930,Nokia
,,,
5.75371E+17,10-03-2015,#CellPhone #Mobile #Deal : http://t.co/4EAC87RqIp Nokia Lumia 1520 - 16GB Quad Core (AT&amp;T) Windows 8 Smartphone -‚Ä¶ http://t.co/O2YzIbaCEz,Nokia
,,,
5.75371E+17,10-03-2015,Nokia Lumia 930 Leather Sleeve | GT40 | http://t.co/ESZlIghbZE | #NokiaLumia930 #Lumia930Sleeve #Lumia930Case #Lumia930Portel #Lumia930,Nokia
,,,
5.75371E+17,10-03-2015,RT @WhispersNewsLTD: 36-Year-Old Frantically Looking For Old Nokia Phone Containing Dealer's Number http://t.co/vDgt9SoRSh #Ireland #drugs ‚Ä¶,Nokia
,,,
5.75371E+17,10-03-2015,"It must be Nokia ""@DONHALOGEN: They don steal my phone but #GODWIN""",Nokia
,,,
5.75371E+17,10-03-2015,@MTNza It's a Nokia 6210,Nokia
,,,
5.75371E+17,10-03-2015,RT @HorrificGifs: Try microwaving a Nokia http://t.co/yzynII8Fgl,Nokia
,,,
5.75371E+17,10-03-2015,RT @HorrificGifs: Try microwaving a Nokia http://t.co/yzynII8Fgl,Nokia
,,,
5.75371E+17,10-03-2015,RT @Hyrokii_ebooks: dick look like a Nokia N-Gage,Nokia
,,,
5.75371E+17,10-03-2015,"Chai! Infact Nokia Has Failed Woefully In Terms Of Technology to
Higher #LUMIA  Windows 8 Models.

*** #ADVICE::... http://t.co/5uvL1ySxYv",Nokia
,,,
5.75371E+17,10-03-2015,"Chai! Infact Nokia Has Failed Woefully In Terms Of Technology to
Higher #LUMIA  Windows 8 Models.

*** #ADVICE:: Never You Dream of Buying ‚Ä¶",Nokia
,,,
5.75371E+17,10-03-2015,RT @HorrificGifs: Try microwaving a Nokia http://t.co/yzynII8Fgl,Nokia
,,,
5.75371E+17,10-03-2015,@iamrajashekarb Have you tried re-installing your phone's software using the Nokia Suite app? See: http://t.co/ArAoX6pzsP. ^RR,Nokia
,,,
5.75372E+17,10-03-2015,@itsmeglol @LeahAndDougie I'll get u a new one for ur birthday. How's a Nokia for u?,Nokia
,,,
5.75372E+17,10-03-2015,Nokia 5800 xpressmusic liquid call:: EMyeprc,Nokia
,,,
5.75372E+17,10-03-2015,"RT @teebouie: It must be Nokia ""@DONHALOGEN: They don steal my phone but #GODWIN""",Nokia
,,,
5.75372E+17,10-03-2015,"LooL, as in e no pain am ""@teebouie: It must be Nokia ""@DONHALOGEN: They don steal my phone but #GODWIN""""",Nokia
,,,
5.75372E+17,10-03-2015,"RT @Bizrusonline: üéàTweet/DM us your reference num on any item from our Nokia 130 [¬£21.99] and aboveüéÅ, to enter our #MothersDayüíê comp for a ‚Ä¶",Nokia
,,,
5.75372E+17,10-03-2015,Nokia Lumia 920 (AT&amp;T 4G) WiFi Windows 8.1 Smartphone 32GB CLEAN ESN /$51.08 with 28m left http://t.co/4AelW4MQA0,Nokia
,,,
5.75372E+17,10-03-2015,"Found my old Nokia 8210. I loved this mobile phone, it was soooo cool. Good old times... Keep or‚Ä¶ https://t.co/l8Yax59pAT",Nokia
,,,
5.75372E+17,10-03-2015,"Abi ""@febibabs: LooL, as in e no pain am ""@teebouie: It must be Nokia ""@DONHALOGEN: They don steal my phone but #GODWIN""""""",Nokia
,,,
5.75372E+17,10-03-2015,"Nokia 1100 with Android? Nokia will be back at the top of the mountain soon, if this is true :D http://t.co/PQaxy5gCfI",Nokia
,,,
5.75372E+17,10-03-2015,"RT @febibabs: LooL, as in e no pain am ""@teebouie: It must be Nokia ""@DONHALOGEN: They don steal my phone but #GODWIN""""",Nokia
,,,
5.75372E+17,10-03-2015,"RT @febibabs: LooL, as in e no pain am ""@teebouie: It must be Nokia ""@DONHALOGEN: They don steal my phone but #GODWIN""""",Nokia
,,,
5.75372E+17,10-03-2015,Nokia 6315i VERIZON Flip Cell Phone Bluetooth - EXCELLENT CONDITION - CLEAN ESN http://t.co/OzHPOZfcy6 http://t.co/MfZGGONalI,Nokia
,,,
5.75372E+17,10-03-2015,"RT @teebouie: Abi ""@febibabs: LooL, as in e no pain am ""@teebouie: It must be Nokia ""@DONHALOGEN: They don steal my phone but #GODWIN""""""",Nokia
,,,
5.75373E+17,10-03-2015,I'm listening to: Lovers And Friends by Lil Jon &amp; The East Side Boyz on my amazing Nokia Lumia. http://t.co/umqFnmYNkX,Nokia
,,,
5.75373E+17,10-03-2015,Nokia knocks Net neutrality: Self-driving cars 'won't get the service you need' - CNET http://t.co/DQsSjBQGTG,Nokia
,,,
5.75373E+17,10-03-2015,RT @WhispersNewsLTD: 36-Year-Old Frantically Looking For Old Nokia Phone Containing Dealer's Number http://t.co/vDgt9SoRSh #Ireland #drugs ‚Ä¶,Nokia
,,,
5.75373E+17,10-03-2015,RT @WhispersNewsLTD: 36-Year-Old Frantically Looking For Old Nokia Phone Containing Dealer's Number http://t.co/vDgt9SoRSh #Ireland #drugs ‚Ä¶,Nokia
,,,
5.75373E+17,10-03-2015,@NathanRubins_ considering I have a Nokia pretty hard to keep up as I don't have anyway to check unless I have my mums phone,Nokia
,,,
5.75373E+17,10-03-2015,"RT @febibabs: LooL, as in e no pain am ""@teebouie: It must be Nokia ""@DONHALOGEN: They don steal my phone but #GODWIN""""",Nokia
,,,
5.75373E+17,10-03-2015,"RT @Bizrusonline: üéàTweet/DM us your reference num on any item from our Nokia 130 [¬£21.99] and aboveüéÅ, to enter our #MothersDayüíê comp for a ‚Ä¶",Nokia
,,,
5.75373E+17,10-03-2015,"Free Nokia Mockup Stone wall - Mocup | Premium PSD Mockups, Free PSD Mockups, Real Photo Mockups http://t.co/PiXd9RjriV",Nokia
,,,
5.75373E+17,10-03-2015,Cell Phones #Deals &gt;&gt; http://t.co/XyKOeLRayh #812 For Nokia Lumia 630 635 Wallet Flip Pouch Case Cover Card Holde‚Ä¶ http://t.co/hYjwB11PqG,Nokia
,,,
5.75373E+17,10-03-2015,#phonecovers Post Edited: #3: Nokia Lumia 830 Case Super Thin PU Leather Wallet Leather Flip Sline Gel Case Cover http://t.co/7FBhbfd0Ud,Nokia
,,,
5.75373E+17,10-03-2015,Mobile Shop &gt;&gt; http://t.co/rOHv1D98sg #301 Nokia X Dual Sim A110 Android RM980 Yellow Brand New+Extra Gift http://t.co/dAVl6dLkRe,Nokia
,,,
5.75373E+17,10-03-2015,I wonder how life would be if everybody still had a Nokia,Nokia
,,,
5.75373E+17,10-03-2015,"WhatsApp Messenger: Android + iPhone + Nokia + BlackBerry + Windows Phone - Hey, ho appena scaricato... http://t.co/dvqrqAnIWG",Nokia
,,,
5.75373E+17,10-03-2015,"@tnyCloseRead No. I have had at least 2 email accnts on iPhone, Samsung Note ‚Äî even going way back to a Nokia eSeries. Not hard at all.",Nokia
,,,
5.75373E+17,10-03-2015,"@RhiannonwithaON 

Nokia user ""we had wireless charging first""
Samsung user ""but ours can charge faster""
Apple "" we just do it better""",Nokia
,,,
5.75373E+17,10-03-2015,Mobiles &amp; Phones &gt; http://t.co/M6uCF9Bc99 #595 Nokia Lumia 1020 (Latest Model) - 32GB (AT&amp;T Unlocked) Smartphone ‚Ä¶ http://t.co/Kncj2Dte4I,Nokia
,,,
5.75373E+17,10-03-2015,@minimanjh üòÇüòÇüòÇüòÇ but tbh I'm glad Nokia did it first they were an amazing company,Nokia
,,,
5.75373E+17,10-03-2015,Nokia-Chef Rajeev Suri will Nokia zu Comeback verhelfen - manager magazin http://t.co/eCTEiDIZqk,Nokia
,,,
5.75373E+17,10-03-2015,"RT @frandiam: @tnyCloseRead No. I have had at least 2 email accnts on iPhone, Samsung Note ‚Äî even going way back to a Nokia eSeries. Not ha‚Ä¶",Nokia
,,,
5.75373E+17,10-03-2015,"RT @minimanjh: @RhiannonwithaON 

Nokia user ""we had wireless charging first""
Samsung user ""but ours can charge faster""
Apple "" we just do ‚Ä¶",Nokia
,,,
5.75373E+17,10-03-2015,Cell Phone USA : Unlocked Nokia 822 Lumia Verizon Wireless Windows 16GB 4G LTE White Smart‚Ä¶ http://t.co/u2shE0J92n http://t.co/f6pEgxs2yK,Nokia
,,,
5.75373E+17,10-03-2015,Cell Phone USA : Nokia Lumia 1520 Factory Unlocked RM-940 AT&amp;T 16GB 4G LTE Touchscreen ---‚Ä¶ http://t.co/REPFME7z0s http://t.co/c0v8nUY0iR,Nokia
,,,
5.75374E+17,10-03-2015,Nokia 515 S Wave Design Case: posted by royalflare | Accessories and Parts for Phones For Sale | P230.00 | 0 p... http://t.co/HJImFR6wX9,Nokia
,,,
5.75374E+17,10-03-2015,Nokia XL Metallic Finish Hybrid Armor Case: posted by royalflare | Accessories and Parts for Phones For Sale |... http://t.co/cpNBvoAjq8,Nokia
,,,
5.75374E+17,10-03-2015,Nokia x2-01 creates high newfashioned cosmos parce que the pasticcio users: GaZq http://t.co/n0ev6wrYHC,Nokia
,,,
5.75374E+17,10-03-2015,Nokia n97 baby - pull off the corpus bohemian not to mention disinterested personage grieve: ycuRqb,Nokia
,,,
5.75374E+17,10-03-2015,"If you think your iPhone is worth fighting for when you get mugged, just remember someone thought the same about a Nokia 3310 in 2003.",Nokia
,,,
5.75374E+17,10-03-2015,Daily Deals #718445 : http://t.co/irZBNipvB4 Nokia 822 Lumia Verizon Windows 8 WiFi 4G LTE Red Black and White Sm‚Ä¶ http://t.co/S1ea2QfprZ,Nokia
,,,
5.75374E+17,10-03-2015,#Áúã‰∏≠ÂõΩ Nokia exit: Is China's 'golden age' of foreign investment over?  http://t.co/BPFUxcm2wi,Nokia
,,,
5.75374E+17,10-03-2015,Phones &amp; Deals : http://t.co/5HTE7zLA2J #819 Nokia 822 Lumia Verizon Windows 8 WiFi 4G LTE Red Black and White Sm‚Ä¶ http://t.co/asNlmUmpAN,Nokia
,,,
5.75374E+17,10-03-2015,RT @WhispersNewsLTD: 36-Year-Old Frantically Looking For Old Nokia Phone Containing Dealer's Number http://t.co/vDgt9SoRSh #Ireland #drugs ‚Ä¶,Nokia
,,,
5.75374E+17,10-03-2015,"RT @walliesta: If you think your iPhone is worth fighting for when you get mugged, just remember someone thought the same about a Nokia 331‚Ä¶",Nokia
,,,
5.75374E+17,10-03-2015,"BAP - Body and Soul  Nokia Theater 140422: http://t.co/RAUm5BWKro

You know what fuck gifs. I'll get the original friggin video @xoblivixnx",Nokia
,,,
5.75374E+17,10-03-2015,"Mobiles : http://t.co/19OXpyfG65 #4092 Unlocked Nokia 822 Lumia Verizon Wireless WiFi Windows 4G LTE Smartphone

‚Ä¶ http://t.co/o18TTS7WTd",Nokia
,,,
5.75374E+17,10-03-2015,#BestBuy http://t.co/zqetsrTGFk 5pcs Glossy Screen Film Protector Cover Guard For Nokia 303/Asha 3030 http://t.co/oS62Hvsd6J,Nokia
,,,
5.75374E+17,10-03-2015,"RT @walliesta: If you think your iPhone is worth fighting for when you get mugged, just remember someone thought the same about a Nokia 331‚Ä¶",Nokia
,,,
5.75374E+17,10-03-2015,"Nokia Lumia 640 camera compared to the Lumia 930, 1020, Sony Xperia Z3 and Canon sx50hs http://t.co/mwQrUFjLu0 #photography #tech #gadgets",Nokia
,,,
5.75374E+17,10-03-2015,Nokia Lumia 1520 Leather Sleeve | PAPAYA | http://t.co/7NzPc646MO | #Lumia1520Cover #Lumia1520Sleeve #Lumia1520Leather #NokiaLumia1520,Nokia
,,,
5.75374E+17,10-03-2015,@ThreeUKSupport any news on the lumia denim update for the Nokia 925?,Nokia
,,,
5.75375E+17,10-03-2015,Nokia Lumia 930 Leather Sleeve | CHARACTER | http://t.co/i9T0OAmcCc | #NokiaLumia930 #Lumia930Sleeve #Lumia930Case #Lumia930Portel #Lumia930,Nokia
,,,
5.75375E+17,10-03-2015,Nokia Lumia 930 Leather Sleeve | MULTIPLE CHOICE | http://t.co/KhEiZBiEh6 | #NokiaLumia930 #Lumia930 #Lumia930Sleeve #Lumia930Case #Lumia,Nokia
,,,
5.75375E+17,10-03-2015,Nokia Lumia 930 Leather Sleeve | RUM DIARY | http://t.co/Tv0sYtWYKP | #NokiaLumia930 #Lumia930Sleeve #Lumia930Case #Lumia930Portel #Lumia930,Nokia
,,,
5.75375E+17,10-03-2015,Nokia Lumia 1520/1525/1530 Organic Leather Sleeve | MULTIPLE CHOICE | http://t.co/9n7Awcdpy5 | #Lumia1520Sleeve #Lumia1520 #Lumia1520Cover,Nokia
,,,
5.75375E+17,10-03-2015,Nokia Lumia 930 Leather Sleeve | CONCRETE | http://t.co/2fx2uJxKAt | #NokiaLumia930 #Lumia930Sleeve #Lumia930Case #Lumia930Portel #Lumia930,Nokia
,,,
5.75375E+17,10-03-2015,Nokia Lumia 930 Leather Sleeve |¬†QUOTE | http://t.co/z4nAQzXCLO | #NokiaLumia930 #Lumia930Sleeve #Lumia930Case #Lumia930Portel #Lumia930,Nokia
,,,
5.75375E+17,10-03-2015,Nokia Lumia 930 Leather Sleeve/Case RINGO | http://t.co/yN27HoI9yj | #NokiaLumia930 #Lumia930Sleeve #Lumia930Case #Lumia930Portel #Lumia930,Nokia
,,,
5.75375E+17,10-03-2015,Nokia Lumia 930 Leather Sleeve | PAPAYA | http://t.co/QOLpBB09Io | #NokiaLumia930 #Lumia930Sleeve #Lumia930Case #Lumia930Portel #Lumia930,Nokia
,,,
5.75375E+17,10-03-2015,Nokia Lumia 930 Leather Sleeve | RUM DIARY | http://t.co/KONELNpXsT | #NokiaLumia930 #Lumia930Sleeve #Lumia930Case #Lumia930Portel #Lumia930,Nokia
,,,
5.75375E+17,10-03-2015,#cellular #deals http://t.co/VsiCwxwNR9 For Nokia Lumia 630 635 Hybrid Rugged Armor Hard Matte Shockproof Case Co‚Ä¶ http://t.co/leRT3boR0Q,Nokia
,,,
5.75375E+17,10-03-2015,"Lol""@febibabs: LooL, as in e no pain am ""@teebouie: It must be Nokia ""@DONHALOGEN: They don steal my phone but #GODWIN""""""",Nokia
,,,
5.75375E+17,10-03-2015,RT @candidcomments: Nokia Taps Wired for Seven-Figure Content-Marketing Campaign http://t.co/ELmb7ynpWh,Nokia
,,,
5.75375E+17,10-03-2015,"I am a genius and moron all at once today. I have a Nokia phone, the screen is badly cracked and not usable. -&gt;",Nokia
,,,
5.75375E+17,10-03-2015,A613 5000mAh External Battery Backup Power Bank Charger For iPhone Nokia Blue http://t.co/Tcy44mq0Hx http://t.co/O4HnHnLwE7,Nokia
,,,
5.75375E+17,10-03-2015,Microsoft launches Lumia 435 exchange offer for Nokia Asha users - The Indian Express http://t.co/upHrEhdCrD,Nokia
,,,
5.75375E+17,10-03-2015,"Kids, you only have til Midnight TONIGHT to win 2 tickets to see @LisaLampanelli at Club Nokia 3.14! Details here -&gt; http://t.co/zso9TnyQXn",Nokia
,,,
5.75375E+17,10-03-2015,Who likes the Nokia Lumia? I'm selling a Lumia 520 for R1200. Still in a great state!,Nokia
,,,
5.75375E+17,10-03-2015,TODAY DEALS #933 &gt;&gt; http://t.co/pUqBYrOIyL For Nokia Lumia 630 635 Magnetic Wallet Closing Hard Flip Case Cover http://t.co/0Zt5Jwsmwj,Nokia
,,,
5.75375E+17,10-03-2015,"RT @NwabuzorA: Lol""@febibabs: LooL, as in e no pain am ""@teebouie: It must be Nokia ""@DONHALOGEN: They don steal my phone but #GODWIN""""""",Nokia
,,,
5.75375E+17,10-03-2015,"RT @_Carza_: By law, people under 21 should only be allowed to have those old Nokia type phones. Ones with no cameras or texting capabiliti‚Ä¶",Nokia
,,,
5.75376E+17,10-03-2015,Nokia Taps Wired for a Content-Marketing Campaign | Digital - Advertising Age http://t.co/2S1UOZtf2b,Nokia
,,,
5.75376E+17,10-03-2015,@RobDaCool being european has some privileges. We can hate whatever we want. Funnily most Finns dislike Nokia phones. We hate success...,Nokia
,,,
5.75376E+17,10-03-2015,Turned on my Nokia again.. After half a year.,Nokia
,,,
5.75376E+17,10-03-2015,RT @HorrificGifs: Try microwaving a Nokia http://t.co/yzynII8Fgl,Nokia
,,,
5.75376E+17,10-03-2015,RT @greg_friesen: DragonWave announced a strengthening of our relationship with Nokia this week. https://t.co/0DeA8QFB6o,Nokia
,,,
5.75376E+17,10-03-2015,"RT @walliesta: If you think your iPhone is worth fighting for when you get mugged, just remember someone thought the same about a Nokia 331‚Ä¶",Nokia
,,,
5.75376E+17,10-03-2015,RT @WhispersNewsLTD: 36-Year-Old Frantically Looking For Old Nokia Phone Containing Dealer's Number http://t.co/vDgt9SoRSh #Ireland #drugs ‚Ä¶,Nokia
,,,
5.75376E+17,10-03-2015,RT @HorrificGifs: Try microwaving a Nokia http://t.co/yzynII8Fgl,Nokia
,,,
5.75376E+17,10-03-2015,He literally cannot even figure his way around the menu of a Nokia phone.,Nokia
,,,
5.75376E+17,10-03-2015,http://t.co/AoVqZCpgEn Nokia Lumia 530 - Unlocked (Simfree) Brand New #mobilephones #technology #smartphones #nok‚Ä¶ http://t.co/gmjgLOXLfR,Nokia
,,,
5.75376E+17,10-03-2015,http://t.co/ytbQUe6lay Nokia 6230i - Silver (Unlocked) Mobile Phone VGC #mobilephones #technology #smartphones #n‚Ä¶ http://t.co/RLwhiesnmp,Nokia
,,,
5.75376E+17,10-03-2015,http://t.co/U09u3lzi0J Retro Nokia 3510i - Blue Simple Mobile Phone Unlocked VGC #mobilephones #technology #smart‚Ä¶ http://t.co/O53RKBZUkU,Nokia
,,,
5.75376E+17,10-03-2015,Turned on my Nokia again.. After half a year.,Nokia
,,,
5.75376E+17,10-03-2015,http://t.co/AFuQ6jPnjO Retro Nokia 1112 - Blue Simple Cheap Mobile Phone Speaking Clock Unlocked VGC #mobilephone‚Ä¶ http://t.co/HU8eB7MEkZ,Nokia
,,,
5.75376E+17,10-03-2015,New Micro USB Sync Data Charger Cable for HTC Motorola Nokia Samsung Blackberry:  $0.12 (1 Bid)End Date: Tuesd... http://t.co/sP6kXvHEYm,Nokia
,,,
5.75376E+17,10-03-2015,36-Year-Old Frantically Looking For Old Nokia Phone Containing Dealer‚Äôs Number http://t.co/aoSqwGBOeQ,Nokia
,,,
5.75376E+17,10-03-2015,I'm taking this Nokia to Modipane. Its not safe in Kgatleng. http://t.co/R47UL4iQ10,Nokia
,,,
5.75377E+17,10-03-2015,"RT @walliesta: If you think your iPhone is worth fighting for when you get mugged, just remember someone thought the same about a Nokia 331‚Ä¶",Nokia
,,,
5.75377E+17,10-03-2015,"The further Apple moves into executard gadget fetish land, the more I just want my old Nokia 8210 &amp; Palm V back.",Nokia
,,,
5.75377E+17,10-03-2015,"RT @walliesta: If you think your iPhone is worth fighting for when you get mugged, just remember someone thought the same about a Nokia 331‚Ä¶",Nokia
,,,
5.75377E+17,10-03-2015,RT @HorrificGifs: Try microwaving a Nokia http://t.co/yzynII8Fgl,Nokia
,,,
5.75377E+17,10-03-2015,Full boxed and fresh condition.  Nokia flip cover worth 1190/- absolutely free with Lumia 630 handset. http://t.co/oRzEVNDenl,Nokia
,,,
5.75377E+17,10-03-2015,"@nyyankee2jeter takin me back to my Nokia days! good idea, bb",Nokia
,,,
5.75377E+17,10-03-2015,Turned on my Nokia again.. After half a year. via /r/funny http://t.co/wTOi5478bo,Nokia
,,,
5.75377E+17,10-03-2015,#deals #savabundle http://t.co/AjV6YSe4Vu Nokia X Dual Sim A110 Android RM980 Green Brand New+Extra Gift http://t.co/9WXSKhn4C0,Nokia
,,,
5.75377E+17,10-03-2015,Flip phone Nokia to keep it lowkey,Nokia
,,,
5.75377E+17,10-03-2015,Turned on my Nokia again.. After half a year. via /r/funny http://t.co/Mxcr5hCCI5 #funny,Nokia
,,,
5.75377E+17,10-03-2015,"RT @walliesta: If you think your iPhone is worth fighting for when you get mugged, just remember someone thought the same about a Nokia 331‚Ä¶",Nokia
,,,
5.75377E+17,10-03-2015,RT @HAPPYMEM0R1ES: Retweet if you loved playing Snake on your Nokia phone. http://t.co/ndTpAOl9ws,Nokia
,,,
5.75378E+17,10-03-2015,Nokia Lumia 630 con Windows Phone http://t.co/3ymOSOu9bZ,Nokia
,,,
5.75378E+17,10-03-2015,http://t.co/04uQLwgR52 Envia con NSI CARGO http://t.co/v2qbRYHKwR Nokia Lumia 920 (AT&amp;T 4G) WiFi Windows 8.1 Sm‚Ä¶ http://t.co/gWCHnWuY9o,Nokia
,,,
5.75378E+17,10-03-2015,The Nokia Clean Bandit advert makes me uncomfortable,Nokia
,,,
5.75378E+17,10-03-2015,#Microsoft #Lumia 435 Available With Exchange Offer for Nokia Asha Users http://t.co/w1dGxHUVpe,Nokia
,,,
5.75378E+17,10-03-2015,Nokia 105 - Black (Unlocked) Mobile Phone - Full read by eBay http://t.co/QOeTzEt7HY http://t.co/s2n48pgeit,Nokia
,,,
5.75378E+17,10-03-2015,Nokia 6300 Silver Unlocked To All Network Camera Bluetooth Classic Mobile Phone - Full rea‚Ä¶ http://t.co/XWQGFdEFNX http://t.co/RCejAiEnog,Nokia
,,,
5.75378E+17,10-03-2015,#BestBuy http://t.co/6b4UcF5Nbg Bluetooth V3.0 Headphone Radio For i Phone 4 5 6 i Pad 4 Air Blackberry Nokia LG http://t.co/7IaSDkZmxm,Nokia
,,,
5.75378E+17,10-03-2015,"I liked a @YouTube video from @sujon27july http://t.co/oRzEVNDenl Nokia Lumia 630 Review for sell 10,000/-",Nokia
,,,
5.75378E+17,10-03-2015,Ruckus cuts a Wi-Fi deal with Nokia Networks http://t.co/y5xi8TrPiQ,Nokia
,,,
5.75378E+17,10-03-2015,"Nokia 1110, The Best Selling Phone In History
http://t.co/O0aMEX23nr http://t.co/7kBd7Ydi28",Nokia
,,,
5.75378E+17,10-03-2015,Nokia Lumia 1520 screen protectors on sale today for $8.95! http://t.co/Fl1bdKH9ir http://t.co/ZUji2MucjZ,Nokia
,,,
5.75378E+17,10-03-2015,"Larger than Life Stop-Motion Shot on a Nokia N8 #business,http://t.co/COTLZiNIkF",Nokia
,,,
5.75378E+17,10-03-2015,RT @HorrificGifs: Try microwaving a Nokia http://t.co/yzynII8Fgl,Nokia
,,,
5.75378E+17,10-03-2015,Nokia Lumia 1520 Leather Sleeve | PAPAYA | http://t.co/66E25pQeUL | #Lumia1520Cover #Lumia1520Sleeve #Lumia1520Leather #NokiaLumia1520,Nokia
,,,
5.75378E+17,10-03-2015,Nokia Lumia 930 Leather Sleeve SKY &amp; SAND | http://t.co/4fkn5NeJ10 | #NokiaLumia930 #Lumia930Sleeve #Lumia930Case #Lumia930Portel #Lumia930,Nokia
,,,
5.75378E+17,10-03-2015,Nokia Lumia 930 Leather Sleeve |¬†BLUE LAKE | http://t.co/qGA7pkilOw | #NokiaLumia930 #Lumia930Sleeve #Lumia930Case #Lumia930Portel #Lumia930,Nokia
,,,
5.75378E+17,10-03-2015,Nokia Lumia 1520/1525/1530 Organic Leather Sleeve | MULTIPLE CHOICE | http://t.co/pHSWHWlQQd | #Lumia1520Sleeve #Lumia1520 #Lumia1520Cover,Nokia
,,,
5.75378E+17,10-03-2015,Nokia Lumia 1020 Organic Leather Sleeve | MULTIPLE CHOICE | http://t.co/SUPYrC7n5L | #Lumia1020 #Lumia1020Sleeve #Lumia1020Cover,Nokia
,,,
5.75378E+17,10-03-2015,Nokia Lumia 930 Leather Sleeve | CHARACTER | http://t.co/kcAvJhIsqa | #NokiaLumia930 #Lumia930Sleeve #Lumia930Case #Lumia930Portel #Lumia930,Nokia
,,,
5.75378E+17,10-03-2015,RT @HorrificGifs: Try microwaving a Nokia http://t.co/yzynII8Fgl,Nokia
,,,
5.75378E+17,10-03-2015,Nokia Lumia 930 Leather Sleeve |¬†PAPAYA |¬†http://t.co/KekkRyJu2G | #NokiaLumia930 #Lumia930Sleeve #Lumia930Case #Lumia930Portel #Lumia930,Nokia
,,,
5.75378E+17,10-03-2015,RT @WhispersNewsLTD: 36-Year-Old Frantically Looking For Old Nokia Phone Containing Dealer's Number http://t.co/vDgt9SoRSh #Ireland #drugs ‚Ä¶,Nokia
,,,
5.75378E+17,10-03-2015,RT @WBuzzer: Nokia Lumia 1520 screen protectors on sale today for $8.95! http://t.co/Fl1bdKH9ir http://t.co/ZUji2MucjZ,Nokia
,,,
5.75379E+17,10-03-2015,36-Year-Old Frantically Looking For Old Nokia Phone Containing Dealer‚Äôs Number http://t.co/OdCcjArp4N,Nokia
,,,
5.75379E+17,10-03-2015,Cell Phones &amp; #Iphone Deals :http://t.co/P3ERa23ycy Unlocked Nokia 822 Lumia Verizon Wireless Windows 16GB 4G LTE W‚Ä¶ http://t.co/wu36sMpFUs,Nokia
,,,
5.75379E+17,10-03-2015,"RT @walliesta: If you think your iPhone is worth fighting for when you get mugged, just remember someone thought the same about a Nokia 331‚Ä¶",Nokia
,,,
5.75379E+17,10-03-2015,@charlesarthur Nokia closed: it is hard to make money with smartphones ;),Nokia
,,,
5.75379E+17,10-03-2015,RT @HorrificGifs: Try microwaving a Nokia http://t.co/yzynII8Fgl,Nokia
,,,
5.75379E+17,10-03-2015,Nokia Lumia 920 (AT&amp;T 4G) WiFi Windows 8.1 Smartphone 32GB CLEAN ESN /$42.00 with 1h left http://t.co/xsrZMuDS4i,Nokia
,,,
5.7538E+17,10-03-2015,36-Year-Old Frantically Looking For Old Nokia Phone Containing Dealer‚Äôs Number http://t.co/jJQsSrgtiN,Nokia
,,,
5.7538E+17,10-03-2015,"Day one done,  just 41 hours to go @ Nokia Theatre L.A. LIVE https://t.co/FQaQWzQFx1",Nokia
,,,
5.7538E+17,10-03-2015,Ebay Snipe RT‚Ü∫http://t.co/ypT1I5cv8B For 128gb Micro Sd Memory Card Class10 With Adapter Nokia Lumia Samsung 0000 ‚Ü∫Please Favorite &amp;,Nokia
,,,
5.7538E+17,10-03-2015,@Support Nokia phone I can't tweet my following been hacked,Nokia
,,,
5.7538E+17,10-03-2015,"Reaaallly need a new phone now, feels like this is every year, spending so much on phones. Bring back the Nokia 3210!",Nokia
,,,
5.7538E+17,10-03-2015,BEST DEALS : http://t.co/RWY6M5qL2T #7543 Nokia 822 Lumia Verizon Wireless 4G LTE Windows 8 WiFi 16GB Smartphone http://t.co/1MBQh9J0Xb,Nokia
,,,
5.7538E+17,10-03-2015,RT @WhispersNewsLTD: 36-Year-Old Frantically Looking For Old Nokia Phone Containing Dealer's Number http://t.co/vDgt9SoRSh #Ireland #drugs ‚Ä¶,Nokia
,,,
5.7538E+17,10-03-2015,RT @WhispersNewsLTD: 36-Year-Old Frantically Looking For Old Nokia Phone Containing Dealer's Number http://t.co/vDgt9SoRSh #Ireland #drugs ‚Ä¶,Nokia
,,,
5.7538E+17,10-03-2015,Nokia 5233: the tricksy differently well-done syllabic peak:: AHP,Nokia
,,,
5.7538E+17,10-03-2015,Microsoft India Announces Exchange Offer For Nokia Asha Consumers To Upgrade To Lumia 435 http://t.co/AmrEN0T89h #tech #gadgets,Nokia
,,,
5.7538E+17,10-03-2015,RT @HorrificGifs: Try microwaving a Nokia http://t.co/yzynII8Fgl,Nokia
,,,
5.7538E+17,10-03-2015,They took my Nokia 3410 and my R100 :(,Nokia
,,,
5.7538E+17,10-03-2015,RT @BillMaher1: 36-Year-Old Frantically Looking For Old Nokia Phone Containing Dealer‚Äôs Number http://t.co/jJQsSrgtiN,Nokia
,,,
5.7538E+17,10-03-2015,RIP my Nokia 2700 Classic.,Nokia
,,,
5.75381E+17,10-03-2015,"those ones with the Nokia logo in front ""@DuragJesus_: Can't be a self-respecting mugger without at least 5 bucket hats""",Nokia
,,,
5.75381E+17,10-03-2015,Another happy customer. Nokia lumia 520 screen ¬£20.00 fitted before she goes on holiday tonight. http://t.co/mjgAnhmx8K,Nokia
,,,
5.75381E+17,10-03-2015,"Nokia Lumia 640 camera compared to the Lumia 930, 1020, Sony Xperia Z3 and Canon sx50hs http://t.co/5ou46Lk6uH #photography #tech #gadgets",Nokia
,,,
5.75381E+17,10-03-2015,@sortakool Anker¬Æ 40W 5-Port High S... Nokia and More (Black) is now on sale for $24.69 at Amazon. Product page: http://t.co/F8a2urTMqQ,Nokia
,,,
5.75381E+17,10-03-2015,@Jakub1020 N9 had Nokia Music with aupeo radio all built in. At the time it was really cool. Then of course N9 grew into Jolla :-),Nokia
,,,
5.75381E+17,10-03-2015,"@xufan6 Anker¬Æ 40W 5-Port High Sp...9, Nokia and More (Black) is now on sale for $24.69 at Amazon. Product page: http://t.co/F8a2urTMqQ",Nokia
,,,
5.75381E+17,10-03-2015,RT @WhispersNewsLTD: 36-Year-Old Frantically Looking For Old Nokia Phone Containing Dealer's Number http://t.co/vDgt9SoRSh #Ireland #drugs ‚Ä¶,Nokia
,,,
5.75381E+17,10-03-2015,"RT @Sir_Rollins_: When a Nokia phone warns you about low battery, you have at least 1 week to find where the charger is lying in your house.",Nokia
,,,
5.75381E+17,10-03-2015,"Lol come 2 think about it, technically I'm still logged in too! didn't logout from my browser, sad Nokia email's discontinued @lanreall22",Nokia
,,,
5.75381E+17,10-03-2015,#NowPlaying ‚ô´ Free Fallin' - Live at the Nokia Theatre ‚Äì John Mayer http://t.co/fnQ8T1LNHI,Nokia
,,,
5.75382E+17,10-03-2015,Nokia Lumia 1020 41 Megapixels Black AT&amp;T - 32 GiG  http://t.co/s4NFLUAkv3 #Nokia Lumia #nokia,Nokia
,,,
5.75382E+17,10-03-2015,RT @HorrificGifs: Try microwaving a Nokia http://t.co/yzynII8Fgl,Nokia
,,,
5.75382E+17,10-03-2015,"John Mayer - Free Fallin' (Live at the Nokia Theatre): http://t.co/u6lQStKmP1 via @YouTube ""And I'm free, free fallin', fallin'..üé∂üé§üéß",Nokia
,,,
5.75382E+17,10-03-2015,RT @BillMaher1: 36-Year-Old Frantically Looking For Old Nokia Phone Containing Dealer‚Äôs Number http://t.co/jJQsSrgtiN,Nokia
,,,
5.75382E+17,10-03-2015,#NowPlaying ‚ô´ Free Fallin' - Live at the Nokia Theatre ‚Äì John Mayer http://t.co/zo6tZjwu7G,Nokia
,,,
5.75382E+17,10-03-2015,RT @Sammie_Alexus: When her ex says they were there before me. Nokia 1110 was also there before Iphone 6 BITCH.,Nokia
,,,
5.75382E+17,10-03-2015,@Richhh_osay @jawangnan it's the Nokia Lumia 1020,Nokia
,,,
5.75382E+17,10-03-2015,"http://t.co/mLfFXBGjxd

: Nokia Lumia 638 (White).
¬†India Popular Gadget¬†: Check Offer Price

#coupon http://t.co/4XPZvjM1QI",Nokia
,,,
5.75382E+17,10-03-2015,@JanandBarry  @richamartin the Nokia brick never lets u down and can take a good dropping!!!,Nokia
,,,
5.75382E+17,10-03-2015,"Nokia Lumia 630 @ 500,000SHS
3G Network, Micro-SIM, Internal Memory 8 GB, 512 MB RAM
Quad-core 1.2 GHz, Bluetooth
‚Ä¶ http://t.co/hm84gFNAyf",Nokia
,,,
5.75382E+17,10-03-2015,Flip phone Nokia keep it lowkey,Nokia
,,,
5.75382E+17,10-03-2015,Nokia Lumia 930 Merino Felt Sleeve | ACID | http://t.co/Hpt2XGnzXQ | #NokiaLumia930 #Lumia930Sleeve #Lumia930Case #Lumia930Portel #Lumia930,Nokia
,,,
5.75382E+17,10-03-2015,Nokia Lumia 930|Lumia 830 Leather Sleeve | TURNVATER |http://t.co/VOcNl5Zw5K | #Lumia930 #Lumia930Sleeve #Lumia930Cover #MicrosoftLumia,Nokia
,,,
5.75382E+17,10-03-2015,"Ireland legalizes drugs: ""36-Year-Old Frantically Looking For Old Nokia Phone Containing Dealer's Number"" http://t.co/drr3UxGO88",Nokia
,,,
5.75382E+17,10-03-2015,Microsoft Lumia 435 Available With Exchange Offer for Nokia Asha Users - NDTV http://t.co/aUERk2r7eq #nokia,Nokia
,,,
5.75382E+17,10-03-2015,Nokia To Test Whether It's Possible To Buy Relevance - Forbes http://t.co/4tMmg3sDCX #nokia,Nokia
,,,
5.75382E+17,10-03-2015,"Nokia Lumia 630 @ 500,000SHS
3G Network, Micro-SIM, Internal Memory 8 GB, 512 MB RAM
Quad-core 1.2 GHz, Bluetooth
‚Ä¶ http://t.co/xkTOa0kduj",Nokia
,,,
5.75383E+17,10-03-2015,How can someone say that they dont see any difference between Nokia torch light and iPhone so far you use them for calling. people tho!,Nokia
,,,
5.75383E+17,10-03-2015,RT @WhispersNewsLTD: 36-Year-Old Frantically Looking For Old Nokia Phone Containing Dealer's Number http://t.co/vDgt9SoRSh #Ireland #drugs ‚Ä¶,Nokia
,,,
5.75383E+17,10-03-2015,"RT @khalilkoussan: Differences between iPhone, Samsung and Nokia in the bathroom Lol http://t.co/CyvAjavIoO",Nokia
,,,
5.75383E+17,10-03-2015,Deals Today #82 : http://t.co/zCSYNKhYzi Nokia 822 Lumia Verizon Wireless Windows 16GB 4G LTE WiFi White Smartphone http://t.co/z3BlU21f2p,Nokia
,,,
5.75383E+17,10-03-2015,http://t.co/kbxqOCghxG Nokia Lumia 520 - 8 GB - Black (EE) Smartphone #mobilephones #technology #smartphones #nok‚Ä¶ http://t.co/erGQjySGf9,Nokia
,,,
5.75384E+17,10-03-2015,#phonecovers Post Edited: #10: Nokia BL-4C 950mah Li-ion Battery http://t.co/JxGoeT0ME8,Nokia
,,,
5.75384E+17,10-03-2015,RT @HorrificGifs: Try microwaving a Nokia http://t.co/yzynII8Fgl,Nokia
,,,
5.75384E+17,10-03-2015,Nokia N1 hands-on - All About Phones http://t.co/LktDhQ720m #nokia,Nokia
,,,
5.75384E+17,10-03-2015,Nokia X Series X2-01 - Deep Gray (Unlocked) Cellular Phone http://t.co/4C4vz9xVCg http://t.co/mF6b1gPGXc,Nokia
,,,
5.75384E+17,10-03-2015,RT @WhispersNewsLTD: 36-Year-Old Frantically Looking For Old Nokia Phone Containing Dealer's Number http://t.co/vDgt9SoRSh #Ireland #drugs ‚Ä¶,Nokia
,,,
5.75384E+17,10-03-2015,"RT @Sir_Rollins_: When a Nokia phone warns you about low battery, you have at least 1 week to find where the charger is lying in your house.",Nokia
,,,
5.75384E+17,10-03-2015,"Nokia Lumia 630 @ 500,000SHS
3G Network, Micro-SIM, Internal Memory 8 GB, 512 MB RAM
Quad-core 1.2 GHz, Bluetooth
‚Ä¶ http://t.co/6hmk59BUjs",Nokia
,,,
5.75384E+17,10-03-2015,RT @HorrificGifs: Try microwaving a Nokia http://t.co/yzynII8Fgl,Nokia
,,,
5.75384E+17,10-03-2015,@seanhannity Hilary MUST be senile. My (a peon) Nokia can manage 5 email accounts. Does she have a Betty Rubble device that can only do ONE?,Nokia
,,,
5.75384E+17,10-03-2015,Nokia Lumia 820 8GB Unlocked GSM 4G LTE Windows 8 Cell Phone - Black http://t.co/bdU5urlv3a,Nokia
,,,
5.75384E+17,10-03-2015,36-Year-Old Frantically Looking For Old Nokia Phone Containing Dealer‚Äôs Number http://t.co/BznuKBCC1S the truth! @JonathanLHoward,Nokia
,,,
5.75384E+17,10-03-2015,Best Windows Phone To Buy: Nokia Lumia 1520 Vs. HTC One M8 For Windows Vs Nokia Lumia 830 http://t.co/GYGg22LIBC #tech #windowsphone #mobile,Nokia
,,,
5.75385E+17,10-03-2015,@r0bb0831 you got the Nokia 2260???,Nokia
,,,
5.75385E+17,10-03-2015,#deals #savabundle http://t.co/y1WFMMKX2C Nokia Lumia 521 4G White T-Mobile GSM 8GB Windows 8 Wifi Smartphone http://t.co/a0vjoZnBV8,Nokia
,,,
5.75385E+17,10-03-2015,RT @WhispersNewsLTD: 36-Year-Old Frantically Looking For Old Nokia Phone Containing Dealer's Number http://t.co/vDgt9SoRSh #Ireland #drugs ‚Ä¶,Nokia
,,,
5.75385E+17,10-03-2015,"RT @teebouie: Abi ""@febibabs: LooL, as in e no pain am ""@teebouie: It must be Nokia ""@DONHALOGEN: They don steal my phone but #GODWIN""""""",Nokia
,,,
5.75385E+17,10-03-2015,"RT @Sir_Rollins_: When a Nokia phone warns you about low battery, you have at least 1 week to find where the charger is lying in your house.",Nokia
,,,
5.75385E+17,10-03-2015,Mobile Phones &amp; Deals #8104 : http://t.co/EY1Sp5zdAi For Nokia Lumia 630 635 Wallet Flip Pouch Case Cover Card Ho‚Ä¶ http://t.co/pODP8Xyksl,Nokia
,,,
5.75385E+17,10-03-2015,Mobile Shop &gt;&gt; http://t.co/2oaAsq9pVI #301 Nokia 822 Lumia Verizon Windows 8 WiFi 4G LTE Red Black and White Smar‚Ä¶ http://t.co/MrJNkpbEPz,Nokia
,,,
5.75385E+17,10-03-2015,Celebrate St. Patrick's Day in Style with this Green Nokia Lumia. See why I think a Windows Phone is great for... http://t.co/hXukkfBtZS,Nokia
,,,
5.75385E+17,10-03-2015,"RT @Sir_Rollins_: When a Nokia phone warns you about low battery, you have at least 1 week to find where the charger is lying in your house.",Nokia
,,,
5.75385E+17,10-03-2015,"RT @Sir_Rollins_: When a Nokia phone warns you about low battery, you have at least 1 week to find where the charger is lying in your house.",Nokia
,,,
5.75385E+17,10-03-2015,Nokia n97 slip - turn up all forgiving together with judicial blended touch upon: WBXkEt,Nokia
,,,
5.75385E+17,10-03-2015,RT @SineadQOFE: 36-Year-Old Frantically Looking For Old Nokia Phone Containing Dealer‚Äôs Number http://t.co/OdCcjArp4N,Nokia
,,,
5.75385E+17,10-03-2015,"Raro:""Turned my Nokia on again after half a year."" -&gt;:http://t.co/HQVSBOqOG3 http://t.co/Rqp01rVd2x",Nokia
,,,
5.75385E+17,10-03-2015,Nokia Lumia 920 (AT&amp;T 4G) WiFi Windows 8.1 Smartphone 32GB CLEAN ESN http://t.co/Xwoswz3wFC #Nokia Lumia #nokia,Nokia
,,,
5.75386E+17,10-03-2015,"RT @Sir_Rollins_: When a Nokia phone warns you about low battery, you have at least 1 week to find where the charger is lying in your house.",Nokia
,,,
5.75386E+17,10-03-2015,You can now play the classic Nokia mobile game Snake on a fountain! http://t.co/1KQnBfpvCQ http://t.co/ddOqdxypnR,Nokia
,,,
5.75386E+17,10-03-2015,RT @DailyMirror: You can now play the classic Nokia mobile game Snake on a fountain! http://t.co/1KQnBfpvCQ http://t.co/ddOqdxypnR,Nokia
,,,
5.75386E+17,10-03-2015,Unlock Nokia Lumia 525 1520 1320 2520 625 1020 Free: Factory Unlock Nokia Lumia 640 XL 830 930 735 635 ... http://t.co/sw1hgSrdQq,Nokia
,,,
5.75386E+17,10-03-2015,"iStunt 2 v1.0 for Nokia N8 &amp; Belle smartphones ‚Äì Signed HD Game Download 

Nokia N8's Fan Club
Direct Download:... http://t.co/Ajt75tRnkY",Nokia
,,,
5.75386E+17,10-03-2015,Unlock Nokia Lumia 525 1520 1320 2520 625 1020 Free: Factory Unlock Nokia Lumia 640 XL 830 930 735 635 ... http://t.co/v6V9Ki6TxS,Nokia
,,,
5.75386E+17,10-03-2015,"Not only did a peer just receive a text audibly in the #Lords ... it was discernibly a very dated, c. '03-4 Nokia tone. #ArchaicInstitution",Nokia
,,,
5.75386E+17,10-03-2015,Nokia Lumia 930 Leather Sleeve SKY &amp; SAND | http://t.co/MU91rrIrwi | #NokiaLumia930 #Lumia930Sleeve #Lumia930Case #Lumia930Portel #Lumia930,Nokia
,,,
5.75386E+17,10-03-2015,Nokia Lumia 930 Leather Sleeve |¬†KIWI | http://t.co/TRNFkJ5ncA | #NokiaLumia930 #Lumia930Sleeve #Lumia930Case #Lumia930Portel #Lumia930,Nokia
,,,
5.75386E+17,10-03-2015,Nokia Lumia 930 Leather Sleeve | GT40 | http://t.co/ESZlIfZAB4 | #NokiaLumia930 #Lumia930Sleeve #Lumia930Case #Lumia930Portel #Lumia930,Nokia
,,,
5.75386E+17,10-03-2015,Nokia Lumia 930 Leather Sleeve | CONCRETE |¬†http://t.co/uXPxYzQrSK | #NokiaLumia930 #Lumia930Sleeve #Lumia930Case #Lumia930Portel #Lumia930,Nokia
,,,
5.75386E+17,10-03-2015,Nokia Lumia 930 Leather Sleeve | BLUE LAKE | http://t.co/xiv4NKEpgR | #NokiaLumia930 #Lumia930Sleeve #Lumia930Case #Lumia930Portel #Lumia930,Nokia
,,,
5.75386E+17,10-03-2015,#CellPhone #Mobile #Deal : http://t.co/2TAhKz8rTW For Nokia Lumia 630 635 Wallet Flip Pouch Case Cover Card Holde‚Ä¶ http://t.co/7cF5GotgAU,Nokia
,,,
5.75386E+17,10-03-2015,"RT @Sir_Rollins_: When a Nokia phone warns you about low battery, you have at least 1 week to find where the charger is lying in your house.",Nokia
,,,
5.75386E+17,10-03-2015,RT @DailyMirror: You can now play the classic Nokia mobile game Snake on a fountain! http://t.co/1KQnBfpvCQ http://t.co/ddOqdxypnR,Nokia
,,,
5.75386E+17,10-03-2015,"Ah the days of Nokia and Snake...@Gizmodo
#OldTech #NewTech
 http://t.co/tvE3xTRmK1 
http://t.co/hostamJuUW",Nokia
,,,
5.75386E+17,10-03-2015,Nokia Siemens PR: Nokia Networks selected by iWireless as sole supplier for LTE network in U.S.:  http://t.co/xc193meAb9 #Telecoms,Nokia
,,,
5.75386E+17,10-03-2015,"Virtual Table Tennis 3D 1.1 for Nokia N8 &amp; Belle smartphones ‚Äì Signed HD Game Download 

Nokia N8's Fan Club... http://t.co/Crx1wI4iw1",Nokia
,,,
5.75386E+17,10-03-2015,TODAY DEALS #933 &gt;&gt; http://t.co/obzPsagD1X Nokia Lumia 521 4G White T-Mobile GSM 8GB Windows 8 Wifi Smartphone http://t.co/5NDmZM35Bd,Nokia
,,,
5.75386E+17,10-03-2015,RT @DailyMirror: You can now play the classic Nokia mobile game Snake on a fountain! http://t.co/1KQnBfpvCQ http://t.co/ddOqdxypnR,Nokia
,,,
5.75387E+17,10-03-2015,The Nokia Snake game is back: but now it‚Äôs a fountain http://t.co/ZRNa2oA6Jt http://t.co/oEWsl5Zgh8,Nokia
,,,
5.75387E+17,10-03-2015,"Backbreaker Football 1.0 for Nokia N8 &amp; Belle smartphones ‚Äì Signed Game Download 

Nokia N8's Fan Club
Direct... http://t.co/OPmUYWyztJ",Nokia
,,,
5.75387E+17,10-03-2015,Cell Phone Stores #819 : http://t.co/P3ERa23ycy Unlocked Nokia 822 Lumia Verizon Wireless Windows 16GB 4G LTE Whi‚Ä¶ http://t.co/ccqBEsrYj0,Nokia
,,,
5.75387E+17,10-03-2015,Nokia Wireless Charging Stand DT-910 - Brand New in Box - White http://t.co/whlLmY51K4 http://t.co/yWPdZESH5f,Nokia
,,,
5.75387E+17,10-03-2015,"UNO HD 1.2.2 for Nokia N8 &amp; Belle smartphones ‚Äì Signed Game Download 

Nokia N8's Fan Club
Direct Download:... http://t.co/SqUSPx212W",Nokia
,,,
5.75387E+17,10-03-2015,RT @UsVsTh3m: The Nokia Snake game is back: but now it‚Äôs a fountain http://t.co/ZRNa2oA6Jt http://t.co/oEWsl5Zgh8,Nokia
,,,
5.75387E+17,10-03-2015,"RT @bhfrench: Nokia Taps Wired for -Marketing Campaign
 http://t.co/Tq6JaXFMWz",Nokia
,,,
5.75387E+17,10-03-2015,RT @NDTVGadgets: Microsoft Lumia 435 Available With Exchange Offer for Nokia Asha Users http://t.co/8c4oSd9YYx http://t.co/A8WvxnCsZx,Nokia
,,,
5.75387E+17,10-03-2015,"Out on March 27th on iTunes, Amazon mp3, Deezer, xBox Music, Nokia Music, Google Play, Rdio, Spotify, HMV Digital http://t.co/AuWRdeB3Fj",Nokia
,,,
5.75387E+17,10-03-2015,RT @WBuzzer: Nokia Lumia 1520 screen protectors on sale today for $8.95! http://t.co/Fl1bdKH9ir http://t.co/ZUji2MucjZ,Nokia
,,,
5.75387E+17,10-03-2015,RT @LumiaNews: #Microsoft #Lumia 435 Available With Exchange Offer for Nokia Asha Users: NDTV: #Microsoft India on Saturday a... http://t.c‚Ä¶,Nokia
,,,
5.75387E+17,10-03-2015,Flip phone Nokia to keep it lowkey,Nokia
,,,
5.75387E+17,10-03-2015,"Dalton ‚Äì The Awesome! RELOADED 1.0.3 for Nokia N8 &amp; Belle smartphones ‚Äì Signed Game Download 

Nokia N8's Fan... http://t.co/8fNBFIwMnl",Nokia
,,,
5.75387E+17,10-03-2015,36-Year-Old Frantically Looking For Old Nokia Phone Containing Dealer‚Äôs Number http://t.co/CFQQvk9m2P,Nokia
,,,
5.75387E+17,10-03-2015,"ITV's overall coverage of the Champion's League is the Nokia 3210 to Sky's smartphone. Once useful &amp; standard, now out of date &amp; obsolete!",Nokia
,,,
5.75387E+17,10-03-2015,RT @HorrificGifs: Try microwaving a Nokia http://t.co/yzynII8Fgl,Nokia
,,,
5.75388E+17,10-03-2015,Black Python Snake Skin Hard Back Cover Case for Nokia Lumia 830 http://t.co/guY6s5eJ9b http://t.co/tW5NqOlfSY,Nokia
,,,
5.75388E+17,10-03-2015,BEST DEALS : http://t.co/gBE7iUid31 #7543 Unlocked Nokia 822 Lumia Verizon Wireless Windows 16GB 4G LTE White Sma‚Ä¶ http://t.co/2xM0zhCklj,Nokia
,,,
5.75388E+17,10-03-2015,"I need to get in contact with someone who owns a Microsoft Lumia (not Nokia Lumia), please get them to tweet me up.
#Lumia #WindowsPhone",Nokia
,,,
5.75388E+17,10-03-2015,@_Matyaa Check out the Nokia Lumia 830. It comes with a FREE Fitbit Flex at http://t.co/u5YFkpuqHD today. ^Kitty http://t.co/nccv7isRfJ,Nokia
,,,
5.75388E+17,10-03-2015,"@sparkyantrim just about hi, got my first phone last week Nokia 3310 üòÇüòÇ",Nokia
,,,
5.75388E+17,10-03-2015,"How's ur Nokia 3310 treating u now? ""@SkindeepSA: Dropped my phone inside a glass of cooldrink a few minutes ago. Fuuuuucküò©""",Nokia
,,,
5.75388E+17,10-03-2015,Daily Mirror: You can now play the classic Nokia mobile game Snake on a ... - http://t.co/VwBoozO0PG #NewsInTweets http://t.co/tTGb0WHPQq,Nokia
,,,
5.75388E+17,10-03-2015,Infinity-Box Nokia [BEST] v2.04 - Nokia Android Repair and Lumia Stuff http://t.co/8zIvmZIyiQ,Nokia
,,,
5.75388E+17,10-03-2015,Charlie Wilson w/ KEM &amp; Joe 3/25 Nokia Theatre L.A. Live http://t.co/S7qMBvCKSt #LiveMusic #DTLA #RNB http://t.co/fQkT9XYP7D,Nokia
,,,
5.75388E+17,10-03-2015,RT @BlackNLA: Charlie Wilson w/ KEM &amp; Joe 3/25 Nokia Theatre L.A. Live http://t.co/S7qMBvCKSt #LiveMusic #DTLA #RNB http://t.co/fQkT9XYP7D,Nokia
,,,
5.75388E+17,10-03-2015,"A picture of the EMPTY Nokia House, in Espoo, Finland..

End of an Era....... http://t.co/ChtuCQT3Ir",Nokia
,,,
5.75388E+17,10-03-2015,RT @WhispersNewsLTD: 36-Year-Old Frantically Looking For Old Nokia Phone Containing Dealer's Number http://t.co/vDgt9SoRSh #Ireland #drugs ‚Ä¶,Nokia
,,,
5.75388E+17,10-03-2015,Cell Phones : Unlocked Nokia 822 Lumia Verizon Wireless 4G LTE Windows 8 16GB WiFi Smartphone ‚Ä¶ http://t.co/BrSmhFyM3C,Nokia
,,,
5.75389E+17,10-03-2015,Just the 50m red carpet outside Nokia Centre for the Mayweather v Pacquiao press conference. #MayweatherPacquiao http://t.co/jB6IWF2EHu,Nokia
,,,
5.75389E+17,10-03-2015,RT @iTahirMasood: #NothingIsBetterThan Nokia 1100 for saste lovers..!!! ‚ò∫‚ò∫ u know long battery life :P http://t.co/c4TZLvPcsH,Nokia
,,,
5.75389E+17,10-03-2015,Man next to me on the train has a Nokia 6800. #oldschool,Nokia
,,,
5.75389E+17,10-03-2015,Nokia 1100 reboot to be company's first Android phone? http://t.co/Rs9ffbTPfB,Nokia
,,,
5.75389E+17,10-03-2015,"I wish I had one ‚Äú@Ludz_SA: How's ur Nokia 3310 treating u now? ""@SkindeepSA: Dropped my phone inside a glass of cooldrink a few minutes ago",Nokia
,,,
5.75389E+17,10-03-2015,@nokia @CPWTweets is it normal for the Nokia Lumia 930 to get really hot when it charges? Is there either a way or an alternative charger...,Nokia
,,,
5.75389E+17,10-03-2015,"RT @ReverseCutsNow: Not only did a peer just receive a text audibly in the #Lords ... it was discernibly a very dated, c. '03-4 Nokia tone.‚Ä¶",Nokia
,,,
5.75389E+17,10-03-2015,Cell Phones #Deals &gt;&gt; http://t.co/7eJjbO928Q #812 Unlocked Nokia 822 Lumia Verizon Wireless 4G LTE Windows 8 16GB‚Ä¶ http://t.co/WBOe5MvUlP,Nokia
,,,
5.75389E+17,10-03-2015,Phones &amp; Deals :http://t.co/Y0PReRPEzU #2324 Nokia Lumia 920 US GSM 4G LTE Smartphone (Factory Unlocked) - 32GB - http://t.co/9qLp51DOFd,Nokia
,,,
5.75389E+17,10-03-2015,Phones &amp; Deals : http://t.co/74QbtksSwu #819 Nokia Lumia 920 US GSM 4G LTE Smartphone (Factory Unlocked) - 32GB -‚Ä¶ http://t.co/U4sDN2yVdf,Nokia
,,,
5.75389E+17,10-03-2015,is it on google play store or itunes?! will it work on a Nokia brick phone? RT @Stefmara: It's a new app called tradeo,Nokia
,,,
5.75389E+17,10-03-2015,RT @UsVsTh3m: The Nokia Snake game is back: but now it‚Äôs a fountain http://t.co/VpQCfDOJ6h http://t.co/Xfj8M2230s definitely trying this,Nokia
,,,
5.75389E+17,10-03-2015,my mums ancient Nokia has finally brokeüòÇüôå,Nokia
,,,
5.75389E+17,10-03-2015,Hot Cell Phones #842 : http://t.co/MWWPbL2YRT For Nokia Lumia 520 Silicone Soft Rubber Skin Case Cover Color Acce‚Ä¶ http://t.co/J9C3il4PZk,Nokia
,,,
5.75389E+17,10-03-2015,"Mohit  Bhardwaj B has voted for ""N1"" on the poll Nokia 1 http://t.co/u2lXxIQOjx http://t.co/Zw5bxrW9SB",Nokia
,,,
5.7539E+17,10-03-2015,"[news] Nokia Surprises with New Tablet Launch: Nokia, which sold its handset division to Microsoft in April 2014,‚Ä¶ http://t.co/qZ1ySUuTJb",Nokia
,,,
5.7539E+17,10-03-2015,"@ollywainwright @guardian Didn't work out too well for Nokia with Vertu, did it?",Nokia
,,,
5.7539E+17,10-03-2015,Nokia 6010 Unlocked Cell Phone MMS + Travel Chargr *GOOD* (Silver) http://t.co/YWATMZJ0hy http://t.co/08FtNIfq3G,Nokia
,,,
5.7539E+17,10-03-2015,"RT @walliesta: If you think your iPhone is worth fighting for when you get mugged, just remember someone thought the same about a Nokia 331‚Ä¶",Nokia
,,,
5.7539E+17,10-03-2015,Nokia Lumia 930 Leather Sleeve | RUM DIARY | http://t.co/KONELNpXsT | #NokiaLumia930 #Lumia930Sleeve #Lumia930Case #Lumia930Portel #Lumia930,Nokia
,,,
5.7539E+17,10-03-2015,Nokia Lumia 930 Leather Sleeve/Case RINGO | http://t.co/yN27HoI9yj | #NokiaLumia930 #Lumia930Sleeve #Lumia930Case #Lumia930Portel #Lumia930,Nokia
,,,
5.7539E+17,10-03-2015,Nokia Lumia 930 Leather Sleeve |¬†QUOTE | http://t.co/z4nAQzXCLO | #NokiaLumia930 #Lumia930Sleeve #Lumia930Case #Lumia930Portel #Lumia930,Nokia
,,,
5.7539E+17,10-03-2015,"Does anyone know if the Nokia Lumia 2520 can run tvpaint, adobe suite, storyboard pro, &amp; maya 2015?",Nokia
,,,
5.7539E+17,10-03-2015,"Actualizacion Infinity Nokia Best Dongle v2.04 - Nokia Android Repair and Lumia Stuff

- UserData operations... http://t.co/7wbVVtYt6J",Nokia
,,,
5.7539E+17,10-03-2015,"RT @BenjaminZZR: So Ecstasy and Ketamine are legal in Ireland till Thurs, I need to find my old Nokia 5110 and get some numbers. #Ireland #‚Ä¶",Nokia
,,,
5.7539E+17,10-03-2015,#CellPhone #Mobile #Deal : http://t.co/naUgEB0Z6u Nokia 822 Lumia Verizon Wireless Windows 16GB WiFi 4G LTE Black‚Ä¶ http://t.co/F6ID5kon9y,Nokia
,,,
5.7539E+17,10-03-2015,TODAY Deals &gt; http://t.co/IAkNiS5wx8 #664 Qi Wireless Charger Charging Pad for Nokia Lumia 920 Nexus 4/5 Samsung ‚Ä¶ http://t.co/enC4JYpM0p,Nokia
,,,
5.7539E+17,10-03-2015,"HOT DEALS : http://t.co/5N4HyjKSjD NEW Nokia Lumia 635 8GB No-Contract GoPhone for AT&amp;T - Black

$55.99 ¬† $99.99 ‚Ä¶ http://t.co/vf2ktbWg7M",Nokia
,,,
5.7539E+17,10-03-2015,RT @acampbell68: I'm still trying to clock Snake on the Nokia 3310 and there's watches coming out which can land grenades in your fucking g‚Ä¶,Nokia
,,,
5.7539E+17,10-03-2015,"#cellular #deals http://t.co/3cbYxAJ3Go Unlocked Nokia 822 Lumia Verizon Wireless 4G LTE Windows 8 Smartphone

$9‚Ä¶ http://t.co/zwClPm5U5B",Nokia
,,,
5.7539E+17,10-03-2015,Nokia Lumia 900 - 16GB - blue (AT&amp;T) Smartphone http://t.co/9oB76qXSvD #Nokia Lumia #nokia,Nokia
,,,
5.7539E+17,10-03-2015,Nokia Lumia 1520 - 16GB - Matte Black (Unlocked) Smartphone http://t.co/SONaq6iUh8 #Nokia Lumia #nokia,Nokia
,,,
5.75391E+17,10-03-2015,I want an iPhone with BBM and a Nokia battery.,Nokia
,,,
5.75391E+17,10-03-2015,Red Bull Soapbox Race Nokia http://t.co/Ab1bVdO9LQ http://t.co/5ShOUpGRTF,Nokia
,,,
5.75391E+17,10-03-2015,Sturmtrupp Mars Operation Roasted Bugs Nokia 128x160.jad http://t.co/1YcP1iiLOe,Nokia
,,,
5.75391E+17,10-03-2015,#Nokia #Processor ‚Äì Nokia 1100 turns up with ARM MT6582 processor ‚Äì A new‚Ä¶ http://t.co/RvjUn66ZuQ #Tech #WindowsPhone #android #apps #leak,Nokia
,,,
5.75391E+17,10-03-2015,#Nokia #Processor ‚Äì Nokia 1100 turns up with ARM MT6582 processor ‚Äì A new‚Ä¶ http://t.co/MAwJ6VGdv8 #Tech #WindowsPhone #android #apps #leak,Nokia
,,,
5.75391E+17,10-03-2015,"@HAPPYMEM0R1ES @IL0VEthe80s had all 3, Nokia was the best üëç",Nokia
,,,
5.75391E+17,10-03-2015,Nokia Taps Wired for Seven-Figure Content-Marketing Campaign http://t.co/B3HmPnHRxy #marketing,Nokia
,,,
5.75391E+17,10-03-2015,#Nokia #Processor ‚Äì Nokia 1100 turns up with ARM MT6582 processor ‚Äì A new‚Ä¶ http://t.co/DtTx3Dn8M0 #Tech #WindowsPhone #android #apps #leak,Nokia
,,,
5.75391E+17,10-03-2015,#Nokia #Processor ‚Äì Nokia 1100 turns up with ARM MT6582 processor ‚Äì A new‚Ä¶ http://t.co/fcwXjvf5fy #Tech #WindowsPhone #android #apps #leak,Nokia
,,,
5.75391E+17,10-03-2015,#Nokia #Processor ‚Äì Nokia 1100 turns up with ARM MT6582 processor ‚Äì A new‚Ä¶ http://t.co/0ZeHoPj4K2 #Tech #WindowsPhone #android #apps #leak,Nokia
,,,
5.75391E+17,10-03-2015,#Nokia #Processor ‚Äì Nokia 1100 turns up with ARM MT6582 processor ‚Äì A new‚Ä¶ http://t.co/ePvt2dG6hP #Tech #WindowsPhone #android #apps #leak,Nokia
,,,
5.75391E+17,10-03-2015,#Nokia #Processor ‚Äì Nokia 1100 turns up with ARM MT6582 processor ‚Äì A new‚Ä¶ http://t.co/Wu3j3yZGiK #Tech #WindowsPhone #android #apps #leak,Nokia
,,,
5.75391E+17,10-03-2015,#Nokia #Processor ‚Äì Nokia 1100 turns up with ARM MT6582 processor ‚Äì A new‚Ä¶ http://t.co/10Y5SGN6Ai #Tech #WindowsPhone #android #apps #leak,Nokia
,,,
5.75391E+17,10-03-2015,#Nokia #Processor ‚Äì Nokia 1100 turns up with ARM MT6582 processor ‚Äì A new‚Ä¶ http://t.co/SDas7Rn4Uh #Tech #WindowsPhone #android #apps #leak,Nokia
,,,
5.75391E+17,10-03-2015,@main_man @PrincessMattie1 But each to their own - I have friends who still prefer older style Nokia phones to smart phones,Nokia
,,,
5.75391E+17,10-03-2015,#Nokia #Processor ‚Äì Nokia 1100 turns up with ARM MT6582 processor ‚Äì A new‚Ä¶ http://t.co/RRNpjTR6Lu #Tech #WindowsPhone #android #apps #leak,Nokia
,,,
5.75391E+17,10-03-2015,"RT @mariobautista_: When the Nokia Drops w/ @ElJuanpaZurita, @MauHCorona https://t.co/4jTHECYL5p",Nokia
,,,
5.75391E+17,10-03-2015,"RT @walliesta: If you think your iPhone is worth fighting for when you get mugged, just remember someone thought the same about a Nokia 331‚Ä¶",Nokia
,,,
5.75391E+17,10-03-2015,"RT @SHFT: Nokia Working With UK Scientists to Charge Cell Phones With Lightning! 
http://t.co/zPlOtkTDZa #SHFT http://t.co/p4Y6jHd1lJ",Nokia
,,,
5.75391E+17,10-03-2015,#Nokia #Processor ‚Äì Nokia 1100 turns up with ARM MT6582 processor ‚Äì A new‚Ä¶ http://t.co/UzvAU1hriH #Tech #WindowsPhone #android #apps #leak,Nokia
,,,
5.75391E+17,10-03-2015,#Nokia #Processor ‚Äì Nokia 1100 turns up with ARM MT6582 processor ‚Äì A new Nokia smartphone has turned up with some‚Ä¶ http://t.co/QHMApKvUrP,Nokia
,,,
5.75391E+17,10-03-2015,#Nokia #Processor ‚Äì Nokia 1100 turns up with ARM MT6582 processor ‚Äì A new‚Ä¶ http://t.co/wh466YCvMx #Tech #WindowsPhone #android #apps #leak,Nokia
,,,
5.75391E+17,10-03-2015,"RT @walliesta: If you think your iPhone is worth fighting for when you get mugged, just remember someone thought the same about a Nokia 331‚Ä¶",Nokia
,,,
5.75391E+17,10-03-2015,#Nokia #Processor ‚Äì Nokia 1100 turns up with ARM MT6582 processor ‚Äì A new‚Ä¶ http://t.co/Gh057zKiw2 #Tech #WindowsPhone #android #apps #leak,Nokia
,,,
5.75391E+17,10-03-2015,#Nokia #Processor ‚Äì Nokia 1100 turns up with ARM MT6582 processor ‚Äì A new‚Ä¶ http://t.co/W3tRIF67Rn #Tech #WindowsPhone #android #apps #leak,Nokia
,,,
5.75391E+17,10-03-2015,lile again Seriously??? Nokia 3310? Hihi I remember having one..lovin this movie ^^,Nokia
,,,
5.75391E+17,10-03-2015,#Nokia #Processor ‚Äì Nokia 1100 turns up with ARM MT6582 processor ‚Äì A new‚Ä¶ http://t.co/lXix6WkYnD #Tech #WindowsPhone #android #apps #leak,Nokia
,,,
5.75391E+17,10-03-2015,#Nokia #Processor ‚Äì Nokia 1100 turns up with ARM MT6582 processor ‚Äì A new‚Ä¶ http://t.co/krRn9K87XN #Tech #WindowsPhone #android #apps #leak,Nokia
,,,
5.75391E+17,10-03-2015,#Nokia #Processor ‚Äì Nokia 1100 turns up with ARM MT6582 processor ‚Äì A new‚Ä¶ http://t.co/4oTZzkfFIR #Tech #WindowsPhone #android #apps #leak,Nokia
,,,
5.75391E+17,10-03-2015,#Nokia #Processor ‚Äì Nokia 1100 turns up with ARM MT6582 processor ‚Äì A new‚Ä¶ http://t.co/6ldX5o9Pkr #Tech #WindowsPhone #android #apps #leak,Nokia
,,,
5.75391E+17,10-03-2015,#Nokia #Processor ‚Äì Nokia 1100 turns up with ARM MT6582 processor ‚Äì A new‚Ä¶ http://t.co/pdYB9TKYrg #Tech #WindowsPhone #android #apps #leak,Nokia
,,,
5.75391E+17,10-03-2015,#Nokia #Processor ‚Äì Nokia 1100 turns up with ARM MT6582 processor ‚Äì A new‚Ä¶ http://t.co/8FpH0ulqRM #Tech #WindowsPhone #android #apps #leak,Nokia
,,,
5.75391E+17,10-03-2015,#Nokia #Processor ‚Äì Nokia 1100 turns up with ARM MT6582 processor ‚Äì A new‚Ä¶ http://t.co/4Ujfr6vxMB #Tech #WindowsPhone #android #apps #leak,Nokia
,,,
5.75391E+17,10-03-2015,#Nokia #Processor ‚Äì Nokia 1100 turns up with ARM MT6582 processor ‚Äì A new‚Ä¶ http://t.co/HOzhZs7Kj9 #Tech #WindowsPhone #android #apps #leak,Nokia
,,,
5.75391E+17,10-03-2015,#Nokia #Processor ‚Äì Nokia 1100 turns up with ARM MT6582 processor ‚Äì A new‚Ä¶ http://t.co/tSS2xOwdeY #Tech #WindowsPhone #android #apps #leak,Nokia
,,,
5.75391E+17,10-03-2015,#Nokia #Processor ‚Äì Nokia 1100 turns up with ARM MT6582 processor ‚Äì A new‚Ä¶ http://t.co/FH8IxlJ2tv #Tech #WindowsPhone #android #apps #leak,Nokia
,,,
5.75391E+17,10-03-2015,"RT @walliesta: If you think your iPhone is worth fighting for when you get mugged, just remember someone thought the same about a Nokia 331‚Ä¶",Nokia
,,,
5.75391E+17,10-03-2015,@creedfangirl187 Inventor of the Nokia N-Gage,Nokia
,,,
5.75391E+17,10-03-2015,#Nokia #Processor ‚Äì Nokia 1100 turns up with ARM MT6582 processor ‚Äì A new‚Ä¶ http://t.co/RMcZXjhuxb #Tech #WindowsPhone #android #apps #leak,Nokia
,,,
5.75392E+17,10-03-2015,RT @DailyMirror: You can now play the classic Nokia mobile game Snake on a fountain! http://t.co/1KQnBfpvCQ http://t.co/ddOqdxypnR,Nokia
,,,
5.75392E+17,10-03-2015,flip phone Nokia !,Nokia
,,,
5.75392E+17,10-03-2015,@mannderrzz You'll ‚ô• the Nokia Lumia 830. Order one @ http://t.co/u5YFkpuqHD &amp; enjoy a FREE Fitbit Flex today. ^Kitty http://t.co/nccv7isRfJ,Nokia
,,,
5.75392E+17,10-03-2015,Unlocked Nokia 822 Lumia Verizon Wireless 16GB 4G LTE Windows 8 Black Smartphone /$41.99 with 52m left http://t.co/Tz64XO0QZR,Nokia
,,,
5.75392E+17,10-03-2015,#Microsoft #Charging ‚Äì Nokia Wireless Charging Plate DT-903 Review ‚Äì‚Ä¶ http://t.co/9cMlYiOWOF #Reviews #Tech #WindowsPhone #apps #Charging,Nokia
,,,
5.75392E+17,10-03-2015,#Microsoft #Charging ‚Äì Nokia Wireless Charging Plate DT-903 Review ‚Äì‚Ä¶ http://t.co/M173iiPn9X #Reviews #Tech #WindowsPhone #apps #Charging,Nokia
,,,
5.75392E+17,10-03-2015,#Microsoft #Charging ‚Äì Nokia Wireless Charging Plate DT-903 Review ‚Äì‚Ä¶ http://t.co/5L6MeXw5qQ #Reviews #Tech #WindowsPhone #apps #Charging,Nokia
,,,
5.75392E+17,10-03-2015,#Nokia #Processor ‚Äì Nokia 1100 turns up with ARM MT6582 processor ‚Äì A new‚Ä¶ http://t.co/w0aAaAedtg #Tech #WindowsPhone #android #apps #leak,Nokia
,,,
5.75392E+17,10-03-2015,"RT @walliesta: If you think your iPhone is worth fighting for when you get mugged, just remember someone thought the same about a Nokia 331‚Ä¶",Nokia
,,,
5.75392E+17,10-03-2015,#Nokia #Processor ‚Äì Nokia 1100 turns up with ARM MT6582 processor ‚Äì A new‚Ä¶ http://t.co/kUkhK1qmjh #Tech #WindowsPhone #android #apps #leak,Nokia
,,,
5.75392E+17,10-03-2015,#Nokia #Processor ‚Äì Nokia 1100 turns up with ARM MT6582 processor ‚Äì A new‚Ä¶ http://t.co/ywCzWZLvL5 #Tech #WindowsPhone #android #apps #leak,Nokia
,,,
5.75392E+17,10-03-2015,#Microsoft #Charging ‚Äì Nokia Wireless Charging Plate DT-903 Review ‚Äì‚Ä¶ http://t.co/BkdgvWEHCb #Reviews #Tech #WindowsPhone #apps #Charging,Nokia
,,,
5.75392E+17,10-03-2015,#Nokia #Processor ‚Äì Nokia 1100 turns up with ARM MT6582 processor ‚Äì A new‚Ä¶ http://t.co/8sRwj3J99x #Tech #WindowsPhone #android #apps #leak,Nokia
,,,
5.75392E+17,10-03-2015,#Microsoft #Charging ‚Äì Nokia Wireless Charging Plate DT-903 Review ‚Äì‚Ä¶ http://t.co/rSYztwDQUI #Reviews #Tech #WindowsPhone #apps #Charging,Nokia
,,,
5.75392E+17,10-03-2015,#Nokia #Processor ‚Äì Nokia 1100 turns up with ARM MT6582 processor ‚Äì A new‚Ä¶ http://t.co/1a4XLo2jNN #Tech #WindowsPhone #android #apps #leak,Nokia
,,,
5.75392E+17,10-03-2015,#Microsoft #Charging ‚Äì Nokia Wireless Charging Plate DT-903 Review ‚Äì‚Ä¶ http://t.co/aL4cbOfUcT #Reviews #Tech #WindowsPhone #apps #Charging,Nokia
,,,
5.75392E+17,10-03-2015,#Nokia #Processor ‚Äì Nokia 1100 turns up with ARM MT6582 processor ‚Äì A new‚Ä¶ http://t.co/SvWYung4Uq #Tech #WindowsPhone #android #apps #leak,Nokia
,,,
5.75392E+17,10-03-2015,RT @iAmSckoolBoy: flip phone Nokia !,Nokia
,,,
5.75392E+17,10-03-2015,#Nokia #Processor ‚Äì Nokia 1100 turns up with ARM MT6582 processor ‚Äì A new‚Ä¶ http://t.co/xiQc7Zewpn #Tech #WindowsPhone #android #apps #leak,Nokia
,,,
5.75392E+17,10-03-2015,RT @ArashMarkazi: At Nokia Theatre in L.A. Live. RT @StephenEspinoza Over 600 media outlets confirmed for Mayweather-Pacquiao press confere‚Ä¶,Nokia
,,,
5.75392E+17,10-03-2015,#Microsoft #Charging ‚Äì Nokia Wireless Charging Plate DT-903 Review ‚Äì‚Ä¶ http://t.co/uMf6GXdb8s #Reviews #Tech #WindowsPhone #apps #Charging,Nokia
,,,
5.75392E+17,10-03-2015,#Microsoft #Charging ‚Äì Nokia Wireless Charging Plate DT-903 Review ‚Äì‚Ä¶ http://t.co/YJtgQbuwJx #Reviews #Tech #WindowsPhone #apps #Charging,Nokia
,,,
5.75392E+17,10-03-2015,#Nokia #Processor ‚Äì Nokia 1100 turns up with ARM MT6582 processor ‚Äì A new‚Ä¶ http://t.co/cdQFNcrrv5 #Tech #WindowsPhone #android #apps #leak,Nokia
,,,
5.75392E+17,10-03-2015,#Nokia #Processor ‚Äì Nokia 1100 turns up with ARM MT6582 processor ‚Äì A new‚Ä¶ http://t.co/nelmrOLCZt #Tech #WindowsPhone #android #apps #leak,Nokia
,,,
5.75392E+17,10-03-2015,"RT @walliesta: If you think your iPhone is worth fighting for when you get mugged, just remember someone thought the same about a Nokia 331‚Ä¶",Nokia
,,,
5.75392E+17,10-03-2015,#Microsoft #Charging ‚Äì Nokia Wireless Charging Plate DT-903 Review ‚Äì‚Ä¶ http://t.co/w1HMaREXfP #Reviews #Tech #WindowsPhone #apps #Charging,Nokia
,,,
5.75392E+17,10-03-2015,#Nokia #Processor ‚Äì Nokia 1100 turns up with ARM MT6582 processor ‚Äì A new‚Ä¶ http://t.co/8ogcXKtMGf #Tech #WindowsPhone #android #apps #leak,Nokia
,,,
5.75392E+17,10-03-2015,#Microsoft #Charging ‚Äì Nokia Wireless Charging Plate DT-903 Review ‚Äì‚Ä¶ http://t.co/b9Yq7U880X #Reviews #Tech #WindowsPhone #apps #Charging,Nokia
,,,
5.75392E+17,10-03-2015,#Nokia #Processor ‚Äì Nokia 1100 turns up with ARM MT6582 processor ‚Äì A new‚Ä¶ http://t.co/G4w72Gm8JN #Tech #WindowsPhone #android #apps #leak,Nokia
,,,
5.75392E+17,10-03-2015,RT @iAmSckoolBoy: flip phone Nokia !,Nokia
,,,
5.75392E+17,10-03-2015,#phonecovers Post Edited: #3: Nokia Lumia 830 Case Super Thin PU Leather Wallet Leather Flip Sline Gel Case Cover http://t.co/7FBhbfd0Ud,Nokia
,,,
5.75392E+17,10-03-2015,"Nokia Taps Wired for Seven-Figure Content-Marketing Campaign
 http://t.co/znfyNp4Jhc",Nokia
,,,
5.75392E+17,10-03-2015,RT @iAmSckoolBoy: flip phone Nokia !,Nokia
,,,
5.75392E+17,10-03-2015,Hard Back Cover Case for Nokia Lumia 830 (Brown Leopard) http://t.co/2EPMeVBXcL http://t.co/DYSsU9nnM8,Nokia
,,,
5.75392E+17,10-03-2015,"RT @walliesta: If you think your iPhone is worth fighting for when you get mugged, just remember someone thought the same about a Nokia 331‚Ä¶",Nokia
,,,
5.75392E+17,10-03-2015,Smartphone Nokia Lumia 535 Double SIM 8 Go Black #fnac (http://t.co/UisMcQT9DQ),Nokia
,,,
5.75393E+17,10-03-2015,#Nokia #Processor ‚Äì Nokia 1100 turns up with ARM MT6582 processor ‚Äì A new‚Ä¶ http://t.co/2N3F3B6d6L #Tech #WindowsPhone #android #apps #leak,Nokia
,,,
5.75393E+17,10-03-2015,RT @iAmSckoolBoy: flip phone Nokia !,Nokia
,,,
5.75393E+17,10-03-2015,"RT @walliesta: If you think your iPhone is worth fighting for when you get mugged, just remember someone thought the same about a Nokia 331‚Ä¶",Nokia
,,,
5.75393E+17,10-03-2015,Nokia Lumia 920 32GB (Black) - GSM - Broken Screen Smartphone For Repair http://t.co/XuDXjlo2L1 http://t.co/YpOJ3h3nMK,Nokia
,,,
5.75393E+17,10-03-2015,http://t.co/5p9sXJGiJl #Deals #8510 Unlocked Nokia 822 Lumia Verizon Wireless 16GB WiFi Windows 4G LTE Smartphone‚Ä¶ http://t.co/B7rN7i2x6P,Nokia
,,,
5.75393E+17,10-03-2015,http://t.co/lfLBVS23I2 Envia con NSI CARGO http://t.co/kK5il4c4cG Nokia Lumia 920 (AT&amp;T 4G) WiFi Windows 8.1 Sm‚Ä¶ http://t.co/1oLq2xrngP,Nokia
,,,
5.75393E+17,10-03-2015,Nokia Lumia 1520 Leather Sleeve | PAPAYA | http://t.co/66E25pQeUL | #Lumia1520Cover #Lumia1520Sleeve #Lumia1520Leather #NokiaLumia1520,Nokia
,,,
5.75393E+17,10-03-2015,"RT @walliesta: If you think your iPhone is worth fighting for when you get mugged, just remember someone thought the same about a Nokia 331‚Ä¶",Nokia
,,,
5.75393E+17,10-03-2015,Nokia Lumia 1520/1525/1530 Organic Leather Sleeve | MULTIPLE CHOICE | http://t.co/pHSWHWlQQd | #Lumia1520Sleeve #Lumia1520 #Lumia1520Cover,Nokia
,,,
5.75393E+17,10-03-2015,Nokia Lumia 1020 Organic Leather Sleeve | MULTIPLE CHOICE | http://t.co/SUPYrC7n5L | #Lumia1020 #Lumia1020Sleeve #Lumia1020Cover,Nokia
,,,
5.75393E+17,10-03-2015,Nokia Taps Wired for Seven-Figure Content-Marketing Campaign http://t.co/vZ8z8CMSEa |‚Ä¶ http://t.co/WUv0tmCKwP #DreamDomainsForSale,Nokia
,,,
5.75393E+17,10-03-2015,Nokia Lumia 930 Leather Sleeve |¬†PAPAYA |¬†http://t.co/KekkRyJu2G | #NokiaLumia930 #Lumia930Sleeve #Lumia930Case #Lumia930Portel #Lumia930,Nokia
,,,
5.75393E+17,10-03-2015,Nokia Lumia 930 Leather Sleeve | CHARACTER | http://t.co/kcAvJhIsqa | #NokiaLumia930 #Lumia930Sleeve #Lumia930Case #Lumia930Portel #Lumia930,Nokia
,,,
5.75393E+17,10-03-2015,Nokia Taps Wired for Seven-Figure Content-Marketing Campaign http://t.co/yIlR0H7XJO | @Masterlab http://t.co/mwT3fuDaLi #DreamDomains,Nokia
,,,
5.75393E+17,10-03-2015,@TGBED8v8 Even my old Nokia 6630 I had in 200..5 (i think) supported multiple email accounts. Find it hard to believe that a gov approved,Nokia
,,,
5.75394E+17,10-03-2015,HOT NEW OEM BL-5F Battery For Nokia X5 N95 N96 N93I N78 E65 6210 6290 6710 http://t.co/XqIDE03XHn http://t.co/c1oDgAODG0,Nokia
,,,
5.75394E+17,10-03-2015,RT @NokiaUpdate: Missing your Nokia 3310? You can now play a huge game of snake at King's ... http://t.co/O13zqzFKEr,Nokia
,,,
5.75394E+17,10-03-2015,Phones &amp; Deals : http://t.co/vx8ujKeHbH #819 AT&amp;T Nokia Lumia 1020 - 32GB Dual Band Windows 8 Smartphone - Choice‚Ä¶ http://t.co/c1WtyPzlai,Nokia
,,,
5.75394E+17,10-03-2015,@bourbonplz1 @HAPPYMEM0R1ES Nokia 8210 was the best phone ever,Nokia
,,,
5.75394E+17,10-03-2015,Nokia n97 mini - creation the entirety of easy virtue linked to just worldling march: wtbgoC,Nokia
,,,
5.75394E+17,10-03-2015,"I miss the Nokia phones. Cheap, indestructible, the snake game, and the battery lasts longer than four hours.",Nokia
,,,
5.75394E+17,10-03-2015,Hot Deals &gt; http://t.co/VcYx0uFc1u AT&amp;T Nokia Lumia 1020 - 32GB Dual Band Windows 8 Smartphone - Choice of 3 Colors http://t.co/29Ignk1ors,Nokia
,,,
5.75394E+17,10-03-2015,Nokia 6010 Unlocked Cell Phone GSM + Travel Chargr http://t.co/REUYfd7nTA http://t.co/CT5rTIQUPO,Nokia
,,,
5.75394E+17,10-03-2015,"If you think your IPhone is worth fighting for when you get mugged, just remember someone thought the same about the Nokia 3310 in 2003.",Nokia
,,,
5.75394E+17,10-03-2015,@cpwtweets is it normal for a Nokia Lumia 930 to get quite hot when it charges? Is there an alternative charger so I don't have to hold...,Nokia
,,,
5.75394E+17,10-03-2015,"Nokia Lumia 520 (Unlocked) Smartphone AT&amp;T, T-Mobile, International (New) http://t.co/Rwwr8sln5f #Nokia Lumia #nokia",Nokia
,,,
5.75394E+17,10-03-2015,Nokia Lumia 635 Unlocked 4G Smartphone LTE 8 GB Brand New http://t.co/ArVw7kPgP8 #Nokia Lumia #nokia,Nokia
,,,
5.75394E+17,10-03-2015,Nokia 5800 xpressmusic able to adapt manner of articulation:: swBOtKr,Nokia
,,,
5.75394E+17,10-03-2015,L #Cell#Phone #Phone #MeganFox Personalised leather phone #Case skins for Nokia Lumia Phone: $18.10‚Ä¶ #Onsale‚Ä¶ http://t.co/Ur6jiEQLz3,Nokia
,,,
5.75394E+17,10-03-2015,RT @BlackNLA: Charlie Wilson w/ KEM &amp; Joe 3/25 Nokia Theatre L.A. Live http://t.co/S7qMBvCKSt #LiveMusic #DTLA #RNB http://t.co/fQkT9XYP7D,Nokia
,,,
5.75395E+17,10-03-2015,Unlocked Phones: Nokia N73 Music Edition Unlocked Quadband Phone (Black) http://t.co/ooDeBOES51 #NOKIA,Nokia
,,,
5.75395E+17,10-03-2015,Great Deals #424 : http://t.co/ZhurYEvU1t Nokia 822 Lumia Verizon Windows 8 WiFi 4G LTE Red Black and White Smart‚Ä¶ http://t.co/iSnAR3nmI4,Nokia
,,,
5.75395E+17,10-03-2015,Great Deals #424 : http://t.co/wgc5Prw0Tw Touch Screen Glass Lens Digitizer &amp; Front Frame Repair Panel for Nokia ‚Ä¶ http://t.co/aj7Tw6wjb3,Nokia
,,,
5.75395E+17,10-03-2015,RT @HorrificGifs: Try microwaving a Nokia http://t.co/yzynII8Fgl,Nokia
,,,
5.75395E+17,10-03-2015,"Cinderella Live Theme for Nokia C3-00, X2-01, Asha 200, 201, 205, 210, 302 &amp; 320x240 Devices |  http://t.co/gJvfNkU1Ys via @themereflex",Nokia
,,,
5.75395E+17,10-03-2015,Microsoft Lumia 435 Available With Exchange Offer for Nokia Asha Users http://t.co/3NcI2b4eYv,Nokia
,,,
5.75395E+17,10-03-2015,"RT @hasanbaluch: Cinderella Live Theme for Nokia C3-00, X2-01, Asha 200, 201, 205, 210, 302 &amp; 320x240 Devices |  http://t.co/gJvfNkU1Ys via‚Ä¶",Nokia
,,,
5.75395E+17,10-03-2015,http://t.co/4jhjYQRC9c Nokia 1100 - Jet Black (Unlocked) Mobile Phone #mobilephones #technology #smartphones #nok‚Ä¶ http://t.co/fdSqjLobau,Nokia
,,,
5.75395E+17,10-03-2015,Nokia Lumia 920 (AT&amp;T 4G) WiFi Windows 8.1 Smartphone 32GB CLEAN ESN /$38.00 with 56m left http://t.co/1i4kLUrdRx,Nokia
,,,
5.75395E+17,10-03-2015,"I'm  üëÇüëÇ To #Home From The Album #Adventure (Deluxe) By @madeon, Amazing Song On My Amazing Nokia Lumia üòçüòçüòçüòçüëåüëåüëèüëèüëèüëçüëçüíôüíúüíõüíöüíñ‚ù§üíñ‚ù§üôÜüëê",Nokia
,,,
5.75395E+17,10-03-2015,"Reaaallly need a new phone now, feels like this is every year, spending so much on phones. Bring back the Nokia 3210!",Nokia
,,,
5.75395E+17,10-03-2015,"fedeprem82 Nokia Taps Wired for a Content-Marketing Campaign | Digital - Advert‚Ä¶ http://t.co/8xN7Hbhycd, see more http://t.co/gkDlrFkHLq",Nokia
,,,
5.75395E+17,10-03-2015,"Top story: from NEXUS MS #marketing #nig Nokia Taps Wired for a Content-Marketi‚Ä¶ http://t.co/5mFCy0pkMJ, see more http://t.co/29zlWZuX8z",Nokia
,,,
5.75395E+17,10-03-2015,"Top story: Digital Marketing from anti Nokia Taps Wired for a Content-Marketing‚Ä¶ http://t.co/xWqWODxO4Z, see more http://t.co/EBIty7Verf",Nokia
